session,idea_id,idea_name,joy,composability,taste,compression,showable,ethical,complexity,k_score,category,ethical_gate
Session 1,1.1,Identity Law Visualizer TUI,4,4,4,3,5,5,2,28.04,Strong Win,PASS
Session 1,1.2,kgents id-bench,3,3,3,4,4,5,1,22.25,Solid,PASS
Session 1,1.3,Identity Crisis Detector,5,3,4,3,4,5,2,26.62,Strong Win,PASS
Session 1,1.4,kgents whoami,4,4,5,4,5,5,2,34.53,Strong Win,PASS
Session 1,1.5,Identity Playground REPL,5,4,4,3,5,5,3,25.48,Strong Win,PASS
Session 1,1.6,Id Art Generator,5,2,4,2,5,5,2,24.01,Solid,PASS
Session 1,1.7,Identity as a Service,5,3,4,2,4,5,1,30.24,Strong Win,PASS
Session 1,1.8,Zero-Knowledge Id Proof,5,3,4,3,3,5,3,21.04,Solid,PASS
Session 1,1.9,kgents id-golf,4,2,3,3,3,5,1,21.60,Solid,PASS
Session 1,1.10,Identity Meditation Timer,3,2,4,2,2,5,1,17.41,Solid,PASS
Session 1,2.1,Pipeline Builder TUI,5,5,5,4,5,5,3,36.86,Strong Win,PASS
Session 1,2.2,kgents compose-wizard,4,5,5,4,5,5,2,40.00,Crown Jewel,PASS
Session 1,2.3,Composition Depth Analyzer,3,4,4,4,4,5,1,28.63,Strong Win,PASS
Session 1,2.4,Associativity Prover Visual,4,5,4,3,5,5,2,33.42,Strong Win,PASS
Session 1,2.5,Pipe Dreams Save/Load,4,5,5,4,4,5,2,36.80,Strong Win,PASS
Session 1,2.6,Composition Hot-Reload,4,4,4,3,4,5,3,24.16,Solid,PASS
Session 1,2.7,kgents shell pipe operator,5,5,5,5,5,5,2,45.54,Crown Jewel,PASS
Session 1,2.8,Composition Graph Visualizer,4,5,4,3,5,5,3,29.43,Strong Win,PASS
Session 1,2.9,Type-Safe Composition Checker,3,5,4,4,3,5,2,28.20,Strong Win,PASS
Session 1,2.10,Composition Chaos Monkey,5,4,4,3,4,5,2,28.80,Strong Win,PASS
Session 1,2.11,Parallel Composition Operator,4,5,4,3,4,5,3,27.21,Strong Win,PASS
Session 1,2.12,Composition DSL Flowfiles,4,5,5,4,5,5,3,33.80,Strong Win,PASS
Session 1,3.1,Live Judgment Dashboard,5,4,5,3,5,5,3,31.54,Strong Win,PASS
Session 1,3.2,kgents judge CLI,4,4,5,4,5,5,2,36.53,Strong Win,PASS
Session 1,3.3,Principle Scoreboard,4,4,4,3,5,5,2,30.10,Strong Win,PASS
Session 1,3.4,Judge Explain Mode,4,4,4,3,4,5,2,27.60,Strong Win,PASS
Session 1,3.5,Taste Test Game,5,3,5,3,5,5,2,32.09,Strong Win,PASS
Session 1,3.6,Judge vs User Consensus,4,3,4,3,4,5,3,22.08,Solid,PASS
Session 1,3.7,Principle Workshop,4,3,4,3,4,5,3,22.08,Solid,PASS
Session 1,3.8,Auto-Judge CI Hook,3,4,4,4,3,5,2,25.55,Strong Win,PASS
Session 1,3.9,Principle Violation Detector,3,4,4,4,4,5,2,27.60,Strong Win,PASS
Session 1,3.10,Custom Principle Builder,4,4,4,3,4,5,3,24.16,Solid,PASS
Session 1,3.11,Judgment History Explorer,4,3,4,3,4,5,2,24.84,Solid,PASS
Session 1,4.1,kgents whoami Ground,4,4,5,4,5,5,1,40.50,Crown Jewel,PASS
Session 1,4.2,Ground Editor TUI,4,4,4,3,4,5,3,24.16,Solid,PASS
Session 1,4.3,Context Snapshot,3,4,4,4,4,5,2,27.60,Strong Win,PASS
Session 1,4.4,Ground Diff Viewer,4,3,4,3,4,5,2,24.84,Solid,PASS
Session 1,4.5,Persona Playground,5,4,5,3,5,5,3,31.54,Strong Win,PASS
Session 1,4.6,Ground Minimal Seed,3,4,4,4,3,5,2,25.55,Strong Win,PASS
Session 1,4.7,Ground-as-Code,4,5,4,4,4,5,2,32.32,Strong Win,PASS
Session 1,4.8,Ground Truth Validator,3,4,4,4,3,5,2,25.55,Strong Win,PASS
Session 1,5.1,Tension Detector TUI,5,4,5,3,5,5,3,31.54,Strong Win,PASS
Session 1,5.2,kgents contradict CLI,4,4,5,4,5,5,2,36.53,Strong Win,PASS
Session 1,5.3,Tension Heatmap,4,4,4,3,5,5,3,26.32,Strong Win,PASS
Session 1,5.4,Contradiction Game,5,3,4,3,5,5,2,27.36,Strong Win,PASS
Session 1,5.5,Custom Tension Detector Builder,4,4,4,3,4,5,3,24.16,Solid,PASS
Session 1,5.6,Temporal Contradiction Tracker,4,4,4,3,4,5,3,24.16,Solid,PASS
Session 1,5.7,Contradiction REPL,4,4,4,3,4,5,2,27.60,Strong Win,PASS
Session 1,5.8,Tension Severity Slider,3,3,3,3,3,5,2,18.38,Solid,PASS
Session 1,5.9,LacanError Explorer,5,4,5,3,4,5,2,31.97,Strong Win,PASS
Session 1,6.1,Synthesis Wizard,5,5,5,3,5,5,3,34.46,Strong Win,PASS
Session 1,6.2,kgents sublate CLI,4,5,5,4,5,5,2,40.00,Crown Jewel,PASS
Session 1,6.3,Hold-Tension Tracker,4,4,4,4,4,5,2,29.44,Strong Win,PASS
Session 1,6.4,Synthesis Quality Scorer,3,4,4,3,3,5,2,23.51,Solid,PASS
Session 1,6.5,Dialectic Animator,5,4,5,3,5,5,3,31.54,Strong Win,PASS
Session 1,6.6,Premature Resolution Detector,4,4,5,4,4,5,2,33.22,Strong Win,PASS
Session 1,6.7,Custom Resolution Strategy,4,4,4,3,4,5,3,24.16,Solid,PASS
Session 1,6.8,Synthesis History Explorer,4,3,4,3,4,5,2,24.84,Solid,PASS
Session 1,7.1,Convergence Animator,5,4,5,3,5,5,2,34.67,Strong Win,PASS
Session 1,7.2,Fix Playground REPL,5,4,5,3,5,5,2,34.67,Strong Win,PASS
Session 1,7.3,kgents poll CLI,4,4,4,4,4,5,2,29.44,Strong Win,PASS
Session 1,7.4,Entropy Budget Visualizer,4,4,5,3,5,5,2,33.97,Strong Win,PASS
Session 1,7.5,Fix History Viewer,4,3,4,3,4,5,2,24.84,Solid,PASS
Session 1,7.6,Bounded History Demo,3,3,3,3,3,5,2,18.38,Solid,PASS
Session 1,7.7,Convergence Racer,5,3,4,3,5,5,3,24.51,Solid,PASS
Session 1,7.8,kgents retry CLI,4,4,4,4,4,5,2,29.44,Strong Win,PASS
Session 1,7.9,Non-Convergence Debugger,4,4,4,4,4,5,3,25.30,Strong Win,PASS
Session 1,7.10,Proximity Graph,4,3,4,3,5,5,2,25.94,Strong Win,PASS
Session 1,7.11,Adaptive Convergence Tuner,4,4,4,4,4,5,3,25.30,Strong Win,PASS
Session 1,7.12,Musical Convergence,5,2,4,2,5,5,2,24.01,Solid,PASS
Session 1,CP.1,Bootstrap + K-gent Self-Aware,5,5,5,4,5,5,3,36.86,Strong Win,PASS
Session 1,CP.2,Bootstrap + I-gent Laws Monitor,4,5,4,4,5,5,3,30.35,Strong Win,PASS
Session 1,CP.3,Bootstrap + N-gent Narrative,4,4,4,3,4,5,3,24.16,Solid,PASS
Session 1,CP.4,Bootstrap + Flux Streaming,4,5,4,4,4,5,3,27.65,Strong Win,PASS
Session 1,CP.5,Bootstrap + T-gent Law Testing,4,5,4,4,4,5,2,32.32,Strong Win,PASS
Session 1,CP.6,Bootstrap + H-gent Meta-Dialectic,5,5,4,3,4,5,3,28.51,Strong Win,PASS
Session 1,CP.7,Bootstrap + C-gent Functor Verify,4,5,4,4,4,5,2,32.32,Strong Win,PASS
Session 2,Cons.1,kgents sleep,4,3,4,3,4,5,2,24.84,Solid,PASS
Session 2,Cons.2,kgents sleep --watch,5,3,4,2,5,5,2,26.46,Strong Win,PASS
Session 2,Cons.3,kgents sleep-debt,4,3,4,3,4,5,2,24.84,Solid,PASS
Session 2,Cons.4,kgents dream,5,3,5,3,5,5,2,31.19,Strong Win,PASS
Session 2,Cons.5,kgents sleep-log,4,3,4,3,4,5,2,24.84,Solid,PASS
Session 2,Cons.6,Before/After Sleep Diff,5,4,4,3,5,5,2,31.50,Strong Win,PASS
Session 2,Cons.7,Consolidation Progress Bar,5,2,4,2,5,5,2,24.01,Solid,PASS
Session 2,Cons.8,Sleep Debt Meter Widget,4,4,4,3,4,5,2,27.60,Strong Win,PASS
Session 2,Cons.9,Hypnagogia Visualizer,5,4,5,3,4,5,3,27.91,Strong Win,PASS
Session 2,Cons.10,Sleep Schedule Auto,3,4,4,4,3,5,3,21.89,Solid,PASS
Session 2,Cons.11,Lucid Consolidation,4,3,4,3,4,5,3,21.34,Solid,PASS
Session 2,Cons.12,Consolidation Battle,5,3,4,3,4,5,3,23.19,Solid,PASS
Session 2,Quest.13,kgents why Recursive,5,4,5,4,4,5,1,40.08,Crown Jewel,PASS
Session 2,Quest.14,kgents challenge Devils Advocate,5,4,5,4,5,5,1,43.65,Crown Jewel,PASS
Session 2,Quest.15,kgents assume,4,4,4,4,4,5,2,29.44,Strong Win,PASS
Session 2,Quest.16,kgents interview,4,3,4,3,4,5,2,24.84,Solid,PASS
Session 2,Quest.17,Child Mode Why Why Why,5,3,5,3,5,5,1,36.54,Strong Win,PASS
Session 2,Quest.18,kgents contradict-me,4,4,4,4,4,5,2,29.44,Strong Win,PASS
Session 2,Quest.19,Question Quality Scorer,4,3,4,3,3,5,2,22.77,Solid,PASS
Session 2,Quest.20,Socratic Mode Toggle,4,4,4,4,4,5,2,29.44,Strong Win,PASS
Session 2,Quest.21,Code Review Questioner,4,4,4,4,4,5,2,29.44,Strong Win,PASS
Session 2,Quest.22,Answer Your Own Question,5,4,4,3,4,5,2,28.80,Strong Win,PASS
Session 2,Quest.23,Question Depth Tracker,4,3,4,3,4,5,2,24.84,Solid,PASS
Session 2,Shape.24,Dynamic Prompt Character,5,4,5,4,5,5,1,43.65,Crown Jewel,PASS
Session 2,Shape.25,Mood Glyph,4,3,4,3,4,5,1,28.98,Strong Win,PASS
Session 2,Shape.26,Phase Indicator,4,3,4,3,5,5,1,30.08,Strong Win,PASS
Session 2,Shape.27,What Do I Look Like,5,3,5,2,5,5,1,34.43,Strong Win,PASS
Session 2,Shape.28,Complexity-Adaptive Verbosity,4,4,4,4,4,5,2,29.44,Strong Win,PASS
Session 2,Shape.29,Resource-Based Appearance,5,3,4,2,5,5,2,26.46,Strong Win,PASS
Session 2,Shape.30,Confidence Gradient,4,3,4,3,5,5,2,25.94,Strong Win,PASS
Session 2,Shape.31,Terminal Theme Shifter,5,2,4,2,5,5,2,24.01,Solid,PASS
Session 2,Shape.32,Shapeshifter Registry,4,4,4,3,4,5,3,24.16,Solid,PASS
Session 2,Shape.33,Depth-Responsive Nesting,4,4,4,3,4,5,2,27.60,Strong Win,PASS
Session 2,Shape.34,Shapeshifter Battle,5,3,4,2,4,5,3,21.31,Solid,PASS
Session 2,Spawn.35,kgents spawn,4,4,4,3,4,5,2,27.60,Strong Win,PASS
Session 2,Spawn.36,Entropy Budget Bar,4,4,5,4,5,5,1,40.50,Crown Jewel,PASS
Session 2,Spawn.37,kgents spawn --limit,3,4,4,4,4,5,1,31.63,Strong Win,PASS
Session 2,Spawn.38,Why Did You Spawn,4,4,4,3,4,5,2,27.60,Strong Win,PASS
Session 2,Spawn.39,Parallel vs Serial Toggle,3,4,4,4,4,5,2,27.60,Strong Win,PASS
Session 2,Spawn.40,Entropy Exhaustion Alert,4,4,5,4,4,5,1,37.14,Strong Win,PASS
Session 2,Spawn.41,Spawn Tree Visualizer,5,4,5,3,5,5,2,34.67,Strong Win,PASS
Session 2,Spawn.42,Collapse Animation,5,3,4,2,5,5,2,26.46,Strong Win,PASS
Session 2,Spawn.43,Leaf Node Highlighter,4,4,4,3,4,5,2,27.60,Strong Win,PASS
Session 2,Spawn.44,Aggregation Visualizer,5,4,4,3,5,5,2,31.50,Strong Win,PASS
Session 2,Spawn.45,Spawn History,4,4,4,3,4,5,2,27.60,Strong Win,PASS
Session 2,Spawn.46,Spawner Race,5,3,4,2,4,5,3,21.31,Solid,PASS
Session 2,Unc.47,kgents whatif,5,5,5,5,5,5,1,51.43,Crown Jewel,PASS
Session 2,Unc.48,Collapse Ceremony,5,4,5,3,5,5,1,40.50,Crown Jewel,PASS
Session 2,Unc.49,Superposition Display,5,4,5,3,5,5,2,34.67,Strong Win,PASS
Session 2,Unc.50,Delayed Collapse Toggle,4,4,4,4,4,5,2,29.44,Strong Win,PASS
Session 2,Unc.51,Uncertainty Meter,3,4,4,3,4,5,1,29.67,Strong Win,PASS
Session 2,Unc.52,What Did I Not Choose,5,4,4,3,5,5,2,31.50,Strong Win,PASS
Session 2,Unc.53,Branch Probability Weights,4,4,4,3,4,5,2,27.60,Strong Win,PASS
Session 2,Unc.54,Parallel Universe Diff,5,4,4,3,5,5,2,31.50,Strong Win,PASS
Session 2,Unc.55,Variation Composer,5,4,4,3,4,5,3,24.77,Solid,PASS
Session 2,Unc.56,Explore All Mode,4,4,4,3,4,5,2,27.60,Strong Win,PASS
Session 2,Unc.57,Schrodinger Demo,5,3,4,2,5,5,2,26.46,Strong Win,PASS
Session 2,Unc.58,Variation Breeding,5,4,4,3,4,5,3,24.77,Solid,PASS
Session 2,Unc.59,Quantum Branch Visualizer,5,4,4,3,5,5,2,31.50,Strong Win,PASS
Session 2,Wit.60,kgents witness,4,5,4,4,4,5,2,32.32,Strong Win,PASS
Session 2,Wit.61,What Did You See,4,4,4,4,4,5,1,34.35,Strong Win,PASS
Session 2,Wit.62,Time-Travel Debugger,5,5,5,4,5,5,3,36.86,Strong Win,PASS
Session 2,Wit.63,Ghost Mode,5,4,4,3,5,5,2,31.50,Strong Win,PASS
Session 2,Wit.64,Witness Insertion Points,4,4,4,3,4,5,2,27.60,Strong Win,PASS
Session 2,Wit.65,Narrative Generation,5,4,5,3,5,5,2,34.67,Strong Win,PASS
Session 2,Wit.66,Witness Diff,4,4,4,3,5,5,2,30.10,Strong Win,PASS
Session 2,Wit.67,Witness Network,5,4,4,3,5,5,3,26.99,Strong Win,PASS
Session 2,Wit.68,Selective Witness,3,4,4,4,3,5,2,25.55,Strong Win,PASS
Session 2,Wit.69,Witness Audit Trail,3,4,4,4,4,5,2,27.60,Strong Win,PASS
Session 2,Wit.70,Witness Poetry,5,3,5,2,5,5,2,29.09,Strong Win,PASS
Session 2,Dial.71,kgents tension,4,5,5,4,5,5,1,45.71,Crown Jewel,PASS
Session 2,Dial.72,Synthesize Now Button,4,5,5,4,4,5,1,41.71,Crown Jewel,PASS
Session 2,Dial.73,Why Hold Explain,3,4,4,4,3,5,1,28.63,Strong Win,PASS
Session 2,Dial.74,Dialectic Chain,4,5,4,3,5,5,2,33.42,Strong Win,PASS
Session 2,Dial.75,Tension Age Tracker,4,4,4,3,4,5,2,27.60,Strong Win,PASS
Session 2,Dial.76,Synthesis Suggester,4,4,4,3,4,5,2,27.60,Strong Win,PASS
Session 2,Dial.77,Tension Queue Dashboard,4,4,4,3,5,5,2,30.10,Strong Win,PASS
Session 2,Dial.78,Dialectic Replay,5,4,5,3,5,5,2,34.67,Strong Win,PASS
Session 2,Dial.79,Tension Heatmap,4,4,4,3,5,5,2,30.10,Strong Win,PASS
Session 2,Dial.80,Aufheben Explainer,4,4,4,3,4,5,2,27.60,Strong Win,PASS
Session 2,Dial.81,Dialectician Battle,5,3,4,2,4,5,3,21.31,Solid,PASS
Session 2,Intro.82,kgents introspect Full,5,5,5,3,5,5,2,38.25,Strong Win,PASS
Session 2,Intro.83,Lens Selector Flags,3,4,4,4,3,5,1,28.63,Strong Win,PASS
Session 2,Intro.84,Shadow Detector,5,4,5,3,5,5,2,34.67,Strong Win,PASS
Session 2,Intro.85,Blind Spot Finder,5,4,5,4,5,5,2,37.50,Strong Win,PASS
Session 2,Intro.86,Meta-Synthesis Generator,5,5,5,3,4,5,2,35.02,Strong Win,PASS
Session 2,Intro.87,Three-Column View,4,4,4,3,5,5,2,30.10,Strong Win,PASS
Session 2,Intro.88,Register Analysis Display,4,4,4,3,5,5,2,30.10,Strong Win,PASS
Session 2,Intro.89,Projection Detector,5,4,4,3,5,5,2,31.50,Strong Win,PASS
Session 2,Intro.90,Collective Shadow,5,4,5,3,4,5,3,27.91,Strong Win,PASS
Session 2,Intro.91,Introspection History,4,4,4,3,4,5,2,27.60,Strong Win,PASS
Session 2,Intro.92,Whats Unspeakable,5,4,5,3,5,5,2,34.67,Strong Win,PASS
Session 4,H.1,Contradiction Finder,4,4,4,4,4,5,2,29.44,Strong Win,PASS
Session 4,H.2,Design Dialectic,5,4,5,4,5,5,2,37.50,Strong Win,PASS
Session 4,H.3,API Contradiction Scan,4,4,4,4,4,5,2,29.44,Strong Win,PASS
Session 4,H.4,Synthesis Suggestion,4,4,4,4,4,5,3,25.30,Strong Win,PASS
Session 4,H.5,Tension Dashboard Live,5,4,5,3,5,5,2,34.67,Strong Win,PASS
Session 4,H.6,Dialectic REPL,5,4,5,3,5,5,2,34.67,Strong Win,PASS
Session 4,H.7,Sublation Explainer,3,4,5,4,4,5,1,35.71,Strong Win,PASS
Session 4,H.8,Thesis Matcher,4,3,4,3,3,5,3,19.67,Solid,PASS
Session 4,H.9,Should I Synthesize,4,4,5,4,4,5,2,33.22,Strong Win,PASS
Session 4,H.10,Continuous Monitor,3,4,4,4,3,5,2,25.55,Strong Win,PASS
Session 4,J.11,Shadow Scanner,5,4,5,5,5,5,1,47.14,Crown Jewel,PASS
Session 4,J.12,Persona-Shadow Gap,5,4,5,3,5,5,2,34.67,Strong Win,PASS
Session 4,J.13,Projection Detector,5,4,5,4,5,5,2,37.50,Strong Win,PASS
Session 4,J.14,Archetype Identifier,5,3,5,3,5,5,1,36.54,Strong Win,PASS
Session 4,J.15,Integration Path Generator,4,4,4,3,4,5,2,27.60,Strong Win,PASS
Session 4,J.16,Collective Shadow Scan,4,4,4,3,4,5,2,27.60,Strong Win,PASS
Session 4,J.17,Shadow Confessional,5,4,5,4,5,5,1,43.65,Crown Jewel,PASS
Session 4,J.18,What Cant You Say,5,4,5,5,5,5,1,47.14,Crown Jewel,PASS
Session 4,J.19,Trickster Mode,5,3,5,3,5,5,2,31.19,Strong Win,PASS
Session 4,J.20,Self Archetype Warning,4,4,5,4,4,5,1,37.14,Strong Win,PASS
Session 4,L.21,Register Radar 3D,5,4,5,3,5,5,2,34.67,Strong Win,PASS
Session 4,L.22,Slippage Detector,5,4,5,5,5,5,1,47.14,Crown Jewel,PASS
Session 4,L.23,Gap Surfacer,5,4,5,5,5,5,1,47.14,Crown Jewel,PASS
Session 4,L.24,Imaginary Alert,4,4,5,4,5,5,1,40.50,Crown Jewel,PASS
Session 4,L.25,Real Proximity Meter,5,4,5,3,5,5,2,34.67,Strong Win,PASS
Session 4,L.26,Knot Status Monitor,4,4,4,4,4,5,2,29.44,Strong Win,PASS
Session 4,L.27,Objet Petit A Finder,5,4,5,3,5,5,2,34.67,Strong Win,PASS
Session 4,L.28,Symbolic Purifier,3,4,4,4,3,5,2,25.55,Strong Win,PASS
Session 4,L.29,Touch the Real,5,4,5,4,5,5,2,37.50,Strong Win,PASS
Session 4,L.30,Register Triangulator,5,4,5,3,5,5,3,29.74,Strong Win,PASS
Session 4,Psi.31,Metaphor Suggester,5,4,5,4,5,5,3,32.14,Strong Win,PASS
Session 4,Psi.32,Challenge Mode Adversarial,5,4,5,4,5,5,2,37.50,Strong Win,PASS
Session 4,Psi.33,Distortion Meter,4,4,4,4,4,5,2,29.44,Strong Win,PASS
Session 4,Psi.34,Metaphor Mapper Visual,5,4,5,3,5,5,3,29.74,Strong Win,PASS
Session 4,Psi.35,Abstraction Slider,5,4,5,4,5,5,2,37.50,Strong Win,PASS
Session 4,Psi.36,Projection Visualizer,5,4,5,3,5,5,3,29.74,Strong Win,PASS
Session 4,Psi.37,Operation Executor,4,4,4,3,4,5,3,24.16,Solid,PASS
Session 4,Psi.38,Translation Validator,4,4,4,4,4,5,2,29.44,Strong Win,PASS
Session 4,Psi.39,Metaphor Library,3,4,4,4,3,5,3,21.89,Solid,PASS
Session 4,Psi.40,Quick Metaphor,4,4,4,4,4,5,2,29.44,Strong Win,PASS
Session 4,CLI.41,kg shadow CLI,5,4,5,5,5,5,1,47.14,Crown Jewel,PASS
Session 4,CLI.42,kg dialectic a b,5,5,5,5,5,5,1,51.43,Crown Jewel,PASS
Session 4,CLI.43,kg mirror,5,4,5,4,5,5,1,43.65,Crown Jewel,PASS
Session 4,CLI.44,kg metaphor,5,4,5,4,5,5,2,37.50,Strong Win,PASS
Session 4,CLI.45,kg register,4,4,5,4,5,5,1,40.50,Crown Jewel,PASS
Session 4,CLI.46,kg project,5,4,5,5,5,5,1,47.14,Crown Jewel,PASS
Session 4,CLI.47,kg archetype,5,3,5,3,5,5,1,36.54,Strong Win,PASS
Session 4,CLI.48,kg contradict x,4,4,5,4,4,5,1,37.14,Strong Win,PASS
Session 4,CLI.49,kg sublime thesis anti,4,4,5,4,4,5,1,37.14,Strong Win,PASS
Session 4,CLI.50,kg gaps,5,4,5,5,5,5,1,47.14,Crown Jewel,PASS
Session 4,Full.51,Meta-Introspection Pipeline,5,5,5,4,5,5,3,36.86,Strong Win,PASS
Session 4,Full.52,Introspection REPL,5,5,5,3,5,5,3,34.46,Strong Win,PASS
Session 4,Full.53,Who Am I Really,5,4,5,4,5,5,2,37.50,Strong Win,PASS
Session 4,Full.54,Integration Dashboard,4,4,5,4,5,5,3,28.64,Strong Win,PASS
Session 4,Full.55,Philosophical Debugger,5,5,5,3,5,5,4,28.97,Strong Win,PASS
Session 6,A.1,Oblique Strategies Agent,5,4,5,4,5,5,2,37.50,Strong Win,PASS
Session 6,A.2,PAYADOR Battle Mode,5,4,5,3,5,5,3,29.74,Strong Win,PASS
Session 6,A.3,Constraint Poet,4,4,5,4,4,5,2,33.22,Strong Win,PASS
Session 6,A.4,Bisociation Engine,4,4,5,4,4,5,2,33.22,Strong Win,PASS
Session 6,A.5,Yes-And Pipeline,4,5,5,4,4,5,2,36.80,Strong Win,PASS
Session 6,A.6,Creative Warm-Up Generator,4,3,4,3,4,5,1,28.98,Strong Win,PASS
Session 6,A.7,Metaphor Mixer,5,4,5,3,5,5,2,34.67,Strong Win,PASS
Session 6,A.8,Anti-Pattern Provocateur,4,4,4,3,4,5,2,27.60,Strong Win,PASS
Session 6,A.9,Exquisite Corpus,5,4,4,3,4,5,3,24.77,Solid,PASS
Session 6,A.10,Genre Shifter,5,4,5,4,5,5,2,37.50,Strong Win,PASS
Session 6,A.11,Reverse Brainstorm,4,4,4,4,4,5,1,34.35,Strong Win,PASS
Session 6,A.12,Emotion Palette Agent,4,3,4,3,4,5,2,24.84,Solid,PASS
Session 6,A.13,Stream of Consciousness Curator,4,4,4,4,3,5,3,22.88,Solid,PASS
Session 6,A.14,Creative Checkpoint,3,3,4,3,3,5,2,19.64,Solid,PASS
Session 6,A.15,Deliberate Practice Designer,3,3,4,4,3,5,3,18.68,Solid,PASS
Session 6,A.16,Serendipity Injector,4,3,4,3,4,5,1,28.98,Strong Win,PASS
Session 6,A.17,Creative Debt Tracker,2,3,3,3,2,5,2,14.49,Consider,PASS
Session 6,A.18,Muse Rotation,5,4,4,3,4,5,3,24.77,Solid,PASS
Session 6,A.19,Cross-Pollination Suggester,4,4,4,4,3,5,2,25.55,Strong Win,PASS
Session 6,A.20,Creative Cliff Detector,3,4,4,4,3,5,3,21.89,Solid,PASS
Session 6,G.21,Safety Cage Demo,5,5,5,4,5,5,2,42.55,Crown Jewel,PASS
Session 6,G.22,DSL Speedrun,4,4,5,4,5,5,2,36.53,Strong Win,PASS
Session 6,G.23,Grammar Golf,5,4,4,3,4,5,2,28.80,Strong Win,PASS
Session 6,G.24,Forbidden Word Game,4,5,5,4,5,5,2,40.00,Crown Jewel,PASS
Session 6,G.25,Pidgin Generator,4,4,4,5,4,5,3,26.71,Strong Win,PASS
Session 6,G.26,Natural to Formal Pipeline,4,5,5,4,5,5,2,40.00,Crown Jewel,PASS
Session 6,G.27,Grammar Linter,3,4,4,4,3,5,3,21.89,Solid,PASS
Session 6,G.28,Constraint Proof Viewer,4,5,5,4,5,5,2,40.00,Crown Jewel,PASS
Session 6,G.29,Tongue Diff,3,4,4,4,3,5,3,21.89,Solid,PASS
Session 6,G.30,BNF Beautifier,3,3,4,3,4,5,2,21.91,Solid,PASS
Session 6,G.31,Grammar Playground CLI,5,5,5,4,5,5,3,36.86,Strong Win,PASS
Session 6,G.32,Chomsky Classifier,3,4,4,4,4,5,3,23.05,Solid,PASS
Session 6,G.33,Error Message Designer,3,4,4,4,3,5,3,21.89,Solid,PASS
Session 6,G.34,Grammar Composition,4,5,4,4,4,5,4,24.09,Solid,PASS
Session 6,G.35,Visual Grammar Editor,4,4,5,3,5,5,4,23.69,Solid,PASS
Session 6,G.36,Grammar Test Generator,4,4,4,4,4,5,3,25.30,Strong Win,PASS
Session 6,G.37,Constraint Challenge,4,4,5,4,4,5,2,33.22,Strong Win,PASS
Session 6,G.38,DSL from Examples,5,5,5,4,5,5,4,29.48,Strong Win,PASS
Session 6,G.39,Syntax Tax Calculator,3,4,4,4,4,5,2,27.60,Strong Win,PASS
Session 6,G.40,Grammar Archaeology,4,4,4,3,4,5,4,21.04,Solid,PASS
Session 6,F.41,Intent to Artifact Visualizer,5,5,5,3,5,5,3,34.46,Strong Win,PASS
Session 6,F.42,Contract-First Wizard,4,5,5,4,4,5,2,36.80,Strong Win,PASS
Session 6,F.43,ALO Viewer,4,4,5,3,5,5,2,33.97,Strong Win,PASS
Session 6,F.44,Forge Replay,4,4,5,3,5,5,3,28.99,Strong Win,PASS
Session 6,F.45,Composition Preview,4,5,4,4,4,5,3,27.65,Strong Win,PASS
Session 6,F.46,Search-Before-Forge CLI,3,5,4,4,4,5,2,29.75,Strong Win,PASS
Session 6,F.47,Contract Diff Viewer,3,4,4,4,4,5,3,23.05,Solid,PASS
Session 6,F.48,Artifact Lineage Graph,4,4,5,3,5,5,3,28.99,Strong Win,PASS
Session 6,F.49,Intent Templates,3,4,4,4,3,5,2,25.55,Strong Win,PASS
Session 6,F.50,Validation Stream,4,4,4,4,4,5,3,25.30,Strong Win,PASS
Session 6,F.51,Breaking Change Detector,3,5,4,4,3,5,3,24.64,Solid,PASS
Session 6,F.52,Forge Success Rate,3,3,4,3,4,5,2,21.91,Solid,PASS
Session 6,F.53,Multi-Agent Forge,4,5,5,4,4,5,4,27.63,Strong Win,PASS
Session 6,F.54,Drift Detector,3,4,4,4,3,5,4,18.72,Solid,PASS
Session 6,F.55,Contract Library Browser,4,4,4,4,4,5,3,25.30,Strong Win,PASS
Session 6,F.56,Forge Playground,4,4,4,3,4,5,3,24.16,Solid,PASS
Session 6,F.57,Intent Refiner,3,4,4,4,3,5,2,25.55,Strong Win,PASS
Session 6,F.58,Artifact Health Dashboard,3,4,4,4,4,5,3,23.05,Solid,PASS
Session 6,F.59,Quick Forge Mode,4,4,4,4,3,5,2,25.55,Strong Win,PASS
Session 6,F.60,Forge Templates Gallery,4,5,5,4,4,5,2,36.80,Strong Win,PASS
Session 6,CLI.61,kg create wizard,4,5,5,4,4,5,2,36.80,Strong Win,PASS
Session 6,CLI.62,kg oblique,5,3,5,4,5,5,1,40.08,Crown Jewel,PASS
Session 6,CLI.63,kg payada topic,5,4,5,3,5,5,2,34.67,Strong Win,PASS
Session 6,CLI.64,kg brainstorm seed,4,4,5,4,4,5,2,33.22,Strong Win,PASS
Session 6,CLI.65,kg grammar try domain,5,5,5,4,5,5,2,42.55,Crown Jewel,PASS
Session 6,CLI.66,kg forge intent,4,5,5,4,4,5,2,36.80,Strong Win,PASS
Session 6,CLI.67,kg blend a b,5,5,5,4,5,5,2,42.55,Crown Jewel,PASS
Session 6,CLI.68,kg constrain topic,4,4,5,4,4,5,1,37.14,Strong Win,PASS
Session 6,CLI.69,kg yes-and idea,4,4,5,4,4,5,1,37.14,Strong Win,PASS
Session 6,CLI.70,kg safety-cage domain,5,5,5,4,5,5,2,42.55,Crown Jewel,PASS
Session 6,CLI.71,kg artifact show name,4,4,5,3,5,5,2,33.97,Strong Win,PASS
Session 6,CLI.72,kg artifact lineage name,3,4,4,3,4,5,2,24.98,Solid,PASS
Session 6,CLI.73,kg contract compare a b,3,5,4,4,4,5,2,29.75,Strong Win,PASS
Session 6,CLI.74,kg warm-up,4,3,4,3,3,5,1,25.65,Strong Win,PASS
Session 6,CLI.75,kg surprise-me,5,3,5,4,4,5,1,37.79,Strong Win,PASS
Session 6,CLI.76,kg muse name,4,4,4,3,4,5,2,27.60,Strong Win,PASS
Session 6,CLI.77,kg workshop topic,5,5,5,4,4,5,3,33.11,Strong Win,PASS
Session 6,CLI.78,kg grammar check tongue,3,4,4,4,3,5,2,25.55,Strong Win,PASS
Session 6,CLI.79,kg forge replay artifact,4,4,5,3,5,5,2,33.97,Strong Win,PASS
Session 6,CLI.80,kg playground REPL,5,5,5,3,4,5,3,31.69,Strong Win,PASS
Session 6,Int.81,CreativityCoach + WundtCurator,4,5,5,4,4,5,2,36.80,Strong Win,PASS
Session 6,Int.82,G-gent + F-gent Handshake,5,5,5,4,5,5,4,29.48,Strong Win,PASS
Session 6,Int.83,PAYADOR + Skeleton,5,5,4,3,4,5,4,23.19,Solid,PASS
Session 6,Int.84,Oblique + Pataphysics,5,4,5,3,5,5,2,34.67,Strong Win,PASS
Session 6,Int.85,Blending + Forge,4,5,5,4,4,5,3,30.35,Strong Win,PASS
Session 6,Int.86,Grammar + Safety Cage,5,5,5,4,5,5,3,36.86,Strong Win,PASS
Session 6,Int.87,CreativityCoach + K-gent,4,4,5,4,4,5,3,28.64,Strong Win,PASS
Session 6,Int.88,Forge + L-gent Search,4,5,4,4,4,5,3,27.65,Strong Win,PASS
Session 6,Int.89,ALO + Terrarium,4,5,5,4,5,5,4,29.11,Strong Win,PASS
Session 6,Int.90,Grammar + Flux,3,5,4,4,3,5,4,21.17,Solid,PASS
Session 8,Omega.1,kg feel,5,4,5,5,5,5,2,40.82,Crown Jewel,PASS
Session 8,Omega.2,Morphology REPL,5,5,5,4,5,5,2,42.55,Crown Jewel,PASS
Session 8,Omega.3,kg body sense,5,4,5,4,5,5,2,37.50,Strong Win,PASS
Session 8,Omega.4,Chrysalis Watcher TUI,5,5,5,4,5,5,3,36.86,Strong Win,PASS
Session 8,Omega.5,Morpheme Catalog,4,4,5,4,5,5,2,36.53,Strong Win,PASS
Session 8,Omega.6,kg morph,4,5,5,4,5,5,2,40.00,Crown Jewel,PASS
Session 8,Omega.7,Body Stress Alerts,4,4,5,4,5,5,3,31.16,Strong Win,PASS
Session 8,Omega.8,Topology Graph TUI,5,5,5,3,5,5,4,28.97,Strong Win,PASS
Session 8,Omega.9,Morphology Cost Preview,4,4,5,4,5,5,2,36.53,Strong Win,PASS
Session 8,Omega.10,Branch Visualizer,5,5,5,3,5,5,4,28.97,Strong Win,PASS
Session 8,Omega.11,Body Emoji Status,5,3,5,3,5,5,2,31.19,Strong Win,PASS
Session 8,Omega.12,Morpheme Validator,4,5,4,4,4,5,3,27.65,Strong Win,PASS
Session 8,Omega.13,Morphology Templates,3,4,4,4,4,5,2,27.60,Strong Win,PASS
Session 8,Omega.14,Chrysalis Log,4,4,5,3,5,5,4,23.69,Solid,PASS
Session 8,Omega.15,Y-gent Merge Strategies,4,5,5,4,5,5,5,26.48,Strong Win,PASS
Session 8,Omega.16,Body Diff,4,4,4,3,4,5,3,24.16,Solid,PASS
Session 8,Omega.17,Topology Timeline,4,4,5,4,5,5,5,24.33,Solid,PASS
Session 8,Omega.18,Proprioception History,4,4,4,3,4,5,4,21.04,Solid,PASS
Session 8,Omega.19,Branch Budget Forecast,4,4,4,4,4,5,5,20.51,Solid,PASS
Session 8,Omega.20,Body Simulator,5,4,5,3,5,5,7,19.41,Solid,PASS
Session 9,D.1,Symbiont Playground,5,5,5,3,5,5,2,38.25,Strong Win,PASS
Session 9,D.2,State Before/After Diff,4,4,4,4,5,5,2,30.36,Strong Win,PASS
Session 9,D.3,Memory Layers Dashboard,5,4,5,3,5,5,3,29.74,Strong Win,PASS
Session 9,D.4,Wheres My State CLI,3,4,4,4,4,5,1,31.63,Strong Win,PASS
Session 9,D.5,State Timeline,5,4,5,4,5,5,2,37.50,Strong Win,PASS
Session 9,D.6,Symbiont Composer,5,5,5,3,5,5,3,34.46,Strong Win,PASS
Session 9,D.7,Live State Sync,4,4,4,3,5,5,2,30.10,Strong Win,PASS
Session 9,D.8,State Pulse,4,3,4,3,5,5,1,30.08,Strong Win,PASS
Session 9,D.9,Am I Volatile CLI,3,4,4,4,4,5,1,31.63,Strong Win,PASS
Session 9,D.10,Memory Type Detective,3,4,4,4,4,5,1,31.63,Strong Win,PASS
Session 9,D.11,Lens Playground,5,5,5,3,5,5,2,38.25,Strong Win,PASS
Session 9,D.12,Lens Law Validator,4,5,4,4,4,5,2,32.32,Strong Win,PASS
Session 9,D.13,Prism Explorer,4,4,4,3,5,5,2,30.10,Strong Win,PASS
Session 9,D.14,Traversal Painter,5,4,5,3,5,5,2,34.67,Strong Win,PASS
Session 9,D.15,Lens Debugger,4,4,4,3,4,5,2,27.60,Strong Win,PASS
Session 9,D.16,Focus Path CLI,4,4,4,4,4,5,1,34.35,Strong Win,PASS
Session 9,D.17,Multi-Lens View,5,5,5,3,5,5,2,38.25,Strong Win,PASS
Session 9,D.18,Lens Telescope,5,5,5,3,5,5,2,38.25,Strong Win,PASS
Session 9,D.19,What Can I Focus,4,4,4,4,4,5,2,29.44,Strong Win,PASS
Session 9,D.20,Lens Performance,3,4,4,3,3,5,2,23.51,Solid,PASS
Session 9,D.21,Crystal Gallery,5,4,5,3,5,5,2,34.67,Strong Win,PASS
Session 9,D.22,Crystallize Now CLI,4,4,5,4,4,5,1,37.14,Strong Win,PASS
Session 9,D.23,Resume Explorer,5,4,5,4,5,5,2,37.50,Strong Win,PASS
Session 9,D.24,Crystal Lineage Tree,5,4,5,3,5,5,2,34.67,Strong Win,PASS
Session 9,D.25,Cherish Mode,5,3,5,3,5,5,1,36.54,Strong Win,PASS
Session 9,D.26,Crystal Reaper Dashboard,4,4,4,3,5,5,2,30.10,Strong Win,PASS
Session 9,D.27,Time Travel Debug,5,5,5,4,5,5,3,36.86,Strong Win,PASS
Session 9,D.28,Compression Showdown,4,3,4,3,4,5,2,24.84,Solid,PASS
Session 9,D.29,Crystal Diff,4,4,5,4,5,5,2,36.53,Strong Win,PASS
Session 9,D.30,Auto-Crystallize,4,4,4,4,4,5,2,29.44,Strong Win,PASS
Session 9,D.31,Registry TUI Browser,5,4,5,4,5,5,2,37.50,Strong Win,PASS
Session 9,D.32,What Exists CLI,3,4,4,4,4,5,1,31.63,Strong Win,PASS
Session 9,D.33,Semantic Search Registry,5,5,5,4,5,5,2,42.55,Crown Jewel,PASS
Session 9,D.34,Type Compatibility Check,4,5,4,4,4,5,2,32.32,Strong Win,PASS
Session 9,D.35,Registry Stats,3,3,4,3,4,5,2,21.91,Solid,PASS
Session 9,D.36,Freshness Heatmap,4,4,4,3,5,5,2,30.10,Strong Win,PASS
Session 9,D.37,Deprecation Warnings,4,4,4,4,4,5,2,29.44,Strong Win,PASS
Session 9,D.38,Auto-Register on Invoke,4,5,4,4,4,5,2,32.32,Strong Win,PASS
Session 9,D.39,Usage Analytics,3,3,4,4,3,5,2,21.09,Solid,PASS
Session 9,D.40,Registry Diff,4,3,4,3,4,5,2,24.84,Solid,PASS
Session 9,D.41,Lineage Tree,5,5,5,3,5,5,2,38.25,Strong Win,PASS
Session 9,D.42,Blame Tracker,5,4,5,4,5,5,2,37.50,Strong Win,PASS
Session 9,D.43,Impact Analysis,5,5,5,4,5,5,2,42.55,Crown Jewel,PASS
Session 9,D.44,Ancestor Breadcrumbs,4,4,4,4,4,5,1,34.35,Strong Win,PASS
Session 9,D.45,Fork Detector,5,4,5,3,5,5,2,34.67,Strong Win,PASS
Session 9,D.46,Dependency Walker,4,4,4,4,4,5,2,29.44,Strong Win,PASS
Session 9,D.47,Lineage Export DOT,4,4,4,3,5,5,2,30.10,Strong Win,PASS
Session 9,D.48,Relationship Heatmap,3,3,4,3,4,5,2,21.91,Solid,PASS
Session 9,D.49,Contradict Detector,4,4,4,4,4,5,2,29.44,Strong Win,PASS
Session 9,D.50,Lineage Time Machine,5,4,5,3,5,5,3,29.74,Strong Win,PASS
Session 9,D.51,Garden Growth,5,4,5,3,5,5,3,29.74,Strong Win,PASS
Session 9,D.52,Compost Pile,5,3,5,2,5,5,2,29.09,Strong Win,PASS
Session 9,D.53,Trust Thermometer,4,4,5,4,5,5,1,40.50,Crown Jewel,PASS
Session 9,D.54,Evidence Counter,4,4,5,4,5,5,2,36.53,Strong Win,PASS
Session 9,D.55,Memory Mycelium,5,5,5,3,5,5,3,34.46,Strong Win,PASS
Session 11,I.1,Entropy Playground,5,4,5,4,5,5,1,43.65,Crown Jewel,PASS
Session 11,I.2,Glitch Button,5,3,5,3,5,5,1,36.54,Strong Win,PASS
Session 11,I.3,Density ASCII Art,5,4,5,4,5,5,1,43.65,Crown Jewel,PASS
Session 11,I.4,Breath Sync,5,3,5,3,5,5,1,36.54,Strong Win,PASS
Session 11,I.5,LOD Slider,4,4,5,4,5,5,1,40.50,Crown Jewel,PASS
Session 11,I.6,Phase Transition,5,4,5,3,5,5,1,40.50,Crown Jewel,PASS
Session 11,I.7,Sparkline Generator,4,4,5,5,5,5,1,43.43,Crown Jewel,PASS
Session 11,I.8,Whats My Entropy,3,3,4,4,4,5,1,26.53,Strong Win,PASS
Session 11,I.9,Oblique Flash,5,4,5,4,5,5,1,43.65,Crown Jewel,PASS
Session 11,I.10,Agent Weather Report,4,4,5,4,5,5,1,40.50,Crown Jewel,PASS
Session 11,I.11,Cognitive Tree Animator,5,4,5,3,5,5,2,34.67,Strong Win,PASS
Session 11,I.12,Shadow Gallery,5,4,5,3,5,5,2,34.67,Strong Win,PASS
Session 11,I.13,Agent Constellation,5,4,5,2,5,5,2,32.36,Strong Win,PASS
Session 11,I.14,Density Mandala,5,3,5,2,5,5,2,29.09,Strong Win,PASS
Session 11,I.15,Temperature Lab,5,4,5,4,5,5,2,37.50,Strong Win,PASS
Session 11,I.16,Timeline Scrubber,5,4,5,4,5,5,2,37.50,Strong Win,PASS
Session 11,I.17,Entropy Heatmap,4,4,5,4,5,5,2,36.53,Strong Win,PASS
Session 11,I.18,Triad Symphony,5,3,5,2,5,5,2,29.09,Strong Win,PASS
Session 11,I.19,Event Stream Waterfall,4,4,5,3,5,5,2,33.97,Strong Win,PASS
Session 11,I.20,FluxScreen Replay,4,4,5,4,5,5,2,36.53,Strong Win,PASS
Session 11,I.21,Glitch Poetry,5,3,5,2,5,5,2,29.09,Strong Win,PASS
Session 11,I.22,Density Field Editor,5,4,5,3,5,5,3,29.74,Strong Win,PASS
Session 11,I.23,Loom Navigator,5,5,5,4,5,5,2,42.55,Crown Jewel,PASS
Session 11,I.24,Why Did You Choose,5,4,4,4,4,5,2,30.72,Strong Win,PASS
Session 11,I.25,Agent Garden Drag,5,5,5,3,5,5,3,34.46,Strong Win,PASS
Session 11,I.26,Stigmergic Trails,5,5,5,3,5,5,3,34.46,Strong Win,PASS
Session 11,I.27,Hint Inspector,4,4,4,4,4,5,2,29.44,Strong Win,PASS
Session 11,I.28,LOD Comparison,4,4,5,3,5,5,2,33.97,Strong Win,PASS
Session 11,I.29,Entropy Race,5,3,5,2,5,5,2,29.09,Strong Win,PASS
Session 11,I.30,Breath Meditation,5,3,5,3,5,5,2,31.19,Strong Win,PASS
Session 11,CLI.31,kg viz,4,4,5,4,5,5,1,40.50,Crown Jewel,PASS
Session 11,CLI.32,kg density text,5,4,5,4,5,5,1,43.65,Crown Jewel,PASS
Session 11,CLI.33,kg sparkline nums,4,4,5,5,5,5,1,43.43,Crown Jewel,PASS
Session 11,CLI.34,kg entropy,3,3,4,4,4,5,1,26.53,Strong Win,PASS
Session 11,CLI.35,kg glitch text,5,3,5,3,5,5,1,36.54,Strong Win,PASS
Session 11,CLI.36,kg weather,4,4,5,5,5,5,1,43.43,Crown Jewel,PASS
Session 11,CLI.37,kg loom,4,4,5,4,4,5,1,37.14,Strong Win,PASS
Session 11,CLI.38,kg shadow viz,5,4,5,4,4,5,1,40.08,Crown Jewel,PASS
Session 11,CLI.39,kg hint agent,3,4,4,4,4,5,1,31.63,Strong Win,PASS
Session 11,CLI.40,kg breathe,5,3,5,3,5,5,1,36.54,Strong Win,PASS
Session 11,W.41,Wire Tap Overlay,4,4,5,3,5,5,2,33.97,Strong Win,PASS
Session 11,W.42,Pheromone Trails,5,4,5,3,5,5,2,34.67,Strong Win,PASS
Session 11,W.43,Connection Animator,5,4,5,3,5,5,2,34.67,Strong Win,PASS
Session 11,W.44,Broadcast Radar,4,4,5,3,5,5,2,33.97,Strong Win,PASS
Session 11,W.45,Error Flash,5,4,5,4,5,5,1,43.65,Crown Jewel,PASS
Session 11,W.46,Throughput Gauge,4,4,4,4,5,5,2,30.36,Strong Win,PASS
Session 11,W.47,Dead Letter Queue,4,4,4,4,4,5,2,29.44,Strong Win,PASS
Session 11,W.48,Circuit Breaker Status,3,4,4,4,4,5,2,27.60,Strong Win,PASS
Session 11,W.49,Synapse Visualizer,5,4,5,3,5,5,3,29.74,Strong Win,PASS
Session 11,W.50,Flux Pipeline Diagram,5,5,5,4,5,5,3,36.86,Strong Win,PASS
Session 11,Art.51,Agent Aurora,5,3,5,2,5,5,2,29.09,Strong Win,PASS
Session 11,Art.52,Entropy Ocean,5,3,5,2,5,5,2,29.09,Strong Win,PASS
Session 11,Art.53,Cognitive Terrarium,5,4,5,3,5,5,3,29.74,Strong Win,PASS
Session 11,Art.54,Time Crystal,5,3,5,2,5,5,3,24.95,Solid,PASS
Session 11,Art.55,Void Meditation,5,3,5,3,5,5,1,36.54,Strong Win,PASS
Session 11,Art.56,Agent Haiku,5,3,5,2,5,5,2,29.09,Strong Win,PASS
Session 11,Art.57,Density Rain,5,3,5,2,5,5,2,29.09,Strong Win,PASS
Session 11,Art.58,The Shadow Speaks,5,4,4,3,4,5,2,28.80,Strong Win,PASS
Session 11,Art.59,Glitch Screensaver,5,3,5,2,5,5,2,29.09,Strong Win,PASS
Session 11,Art.60,Breath Garden,5,4,5,3,5,5,2,34.67,Strong Win,PASS
Session 12,U.1,kgents tools,4,4,4,4,5,5,2,30.36,Strong Win,PASS
Session 12,U.2,Tool Composition Builder,5,5,5,3,5,5,3,34.46,Strong Win,PASS
Session 12,U.3,Circuit Breaker Dashboard,5,4,5,4,5,5,2,37.50,Strong Win,PASS
Session 12,U.4,kgents execute,4,4,5,4,4,5,1,37.14,Strong Win,PASS
Session 12,U.5,Permission Visualizer,4,4,4,3,5,5,2,30.10,Strong Win,PASS
Session 12,U.6,Audit Trail Viewer,4,4,4,4,4,5,2,29.44,Strong Win,PASS
Session 12,U.7,Tool Latency Heatmap,4,4,4,3,5,5,2,30.10,Strong Win,PASS
Session 12,U.8,MCP Server Playground,5,4,4,3,4,5,3,24.77,Solid,PASS
Session 12,U.9,Retry Strategy Tester,5,4,4,3,5,5,2,31.50,Strong Win,PASS
Session 12,U.10,Parallel vs Sequential Race,5,4,4,3,5,5,2,31.50,Strong Win,PASS
Session 12,U.11,Tool Capability Cards,4,4,5,4,5,5,1,40.50,Crown Jewel,PASS
Session 12,U.12,kgents secure,3,4,4,4,3,5,1,28.63,Strong Win,PASS
Session 12,P.1,kgents parse,5,5,5,5,5,5,1,51.43,Crown Jewel,PASS
Session 12,P.2,Confidence Thermometer,4,4,5,4,5,5,1,40.50,Crown Jewel,PASS
Session 12,P.3,Repair Timeline,5,4,5,4,5,5,2,37.50,Strong Win,PASS
Session 12,P.4,Probabilistic AST Explorer,5,5,5,3,5,5,3,34.46,Strong Win,PASS
Session 12,P.5,Format Drift Detector,5,4,5,4,5,5,2,37.50,Strong Win,PASS
Session 12,P.6,Malformed Input Generator,5,4,4,3,5,5,2,31.50,Strong Win,PASS
Session 12,P.7,Parser Battle,5,4,4,3,5,5,2,31.50,Strong Win,PASS
Session 12,P.8,Streaming Parse Visualizer,5,4,5,4,5,5,2,37.50,Strong Win,PASS
Session 12,P.9,kgents coerce,4,4,4,4,4,5,2,29.44,Strong Win,PASS
Session 12,P.10,Low Confidence Paths,4,4,4,3,5,5,2,30.10,Strong Win,PASS
Session 12,P.11,Evolving Parser Stats,4,4,4,3,4,5,2,27.60,Strong Win,PASS
Session 12,P.12,Reflection Loop Visualizer,5,4,5,4,5,5,2,37.50,Strong Win,PASS
Session 12,J.1,kgents reality,5,5,5,5,5,5,1,51.43,Crown Jewel,PASS
Session 12,J.2,Reality Wheel,5,4,5,2,5,5,2,32.36,Strong Win,PASS
Session 12,J.3,Chaos Meter,5,4,5,3,5,5,2,34.67,Strong Win,PASS
Session 12,J.4,kgents stable,4,4,5,4,4,5,1,37.14,Strong Win,PASS
Session 12,J.5,Stability Report Card,4,4,5,4,5,5,2,36.53,Strong Win,PASS
Session 12,J.6,Import Risk Map,4,4,4,3,5,5,2,30.10,Strong Win,PASS
Session 12,J.7,JIT Compilation Demo,5,4,5,3,5,5,2,34.67,Strong Win,PASS
Session 12,J.8,Promise Chain Visualizer,5,4,5,3,5,5,3,29.74,Strong Win,PASS
Session 12,J.9,Entropy Budget Bar,5,4,5,4,5,5,1,43.65,Crown Jewel,PASS
Session 12,J.10,kgents compile,5,5,5,4,5,5,2,42.55,Crown Jewel,PASS
Session 12,J.11,Sandbox Escape Test,5,4,5,3,5,5,3,29.74,Strong Win,PASS
Session 12,J.12,Collapse Ceremony,5,4,5,4,5,5,1,43.65,Crown Jewel,PASS
Session 12,J.13,Reality Flip Notification,4,4,4,3,4,5,2,27.60,Strong Win,PASS
Session 13,O.1,kgents observe,5,4,5,4,5,5,2,37.50,Strong Win,PASS
Session 13,O.2,kgents panopticon,5,5,5,4,5,5,3,36.86,Strong Win,PASS
Session 13,O.3,kgents drift,4,4,5,4,5,5,2,36.53,Strong Win,PASS
Session 13,O.4,kgents roc,4,4,5,4,5,5,3,31.16,Strong Win,PASS
Session 13,O.5,Bootstrap Witness CLI,4,4,5,4,5,5,3,31.16,Strong Win,PASS
Session 13,O.6,Borromean Knot Viz,5,4,5,3,5,5,5,24.77,Solid,PASS
Session 13,O.7,kgents hallucinate?,4,4,5,4,5,5,4,26.55,Strong Win,PASS
Session 13,O.8,VoI Budget Viz,4,4,4,4,5,5,5,22.38,Solid,PASS
Session 13,O.9,Dimension Dance TUI,5,4,5,3,5,5,6,22.15,Solid,PASS
Session 13,O.10,Observer Functor REPL,5,5,5,3,4,5,5,24.64,Solid,PASS
Session 13,O.11,Topology Graph,4,4,5,3,5,5,6,20.37,Solid,PASS
Session 13,O.12,Psychosis Demo,5,4,5,3,5,5,4,26.02,Strong Win,PASS
Session 13,O.13,Entropy Weather,5,4,5,3,5,5,4,26.02,Strong Win,PASS
Session 13,O.14,Observer Hierarchy Viz,4,4,4,3,4,5,4,21.04,Solid,PASS
Session 13,O.15,Noethers Theorem Demo,5,5,5,3,4,5,4,25.97,Strong Win,PASS
Session 14,C01,Would Kent Approve Live,5,5,5,5,5,5,1,51.43,Crown Jewel,PASS
Session 14,C02,N Parses in Superposition,5,5,5,5,5,5,1,51.43,Crown Jewel,PASS
Session 14,C03,Living Garden Visualization,5,5,5,5,5,5,1,51.43,Crown Jewel,PASS
Session 14,C04,Soul Tension Detector,5,5,5,5,5,5,1,51.43,Crown Jewel,PASS
Session 14,C05,Circuit Breaker Dashboard,5,5,5,5,5,5,1,51.43,Crown Jewel,PASS
Session 14,C06,Time-Travel Form Replay,5,5,5,5,5,5,1,51.43,Crown Jewel,PASS
Session 14,C07,Dialectical Narrative,5,5,5,4,5,5,2,42.55,Crown Jewel,PASS
Session 14,C08,Instant Metaphor Finder,5,5,5,5,4,5,1,48.57,Crown Jewel,PASS
Session 14,C09,Evolution Visualizer,5,5,5,4,5,5,2,42.55,Crown Jewel,PASS
Session 14,C10,Memory to Story Pipeline,5,5,5,4,5,5,2,42.55,Crown Jewel,PASS
Session 14,C11,Sleep Processes Questions,4,5,5,4,5,5,1,45.71,Crown Jewel,PASS
Session 14,C12,Convergence Replay,5,4,5,4,5,5,1,43.65,Crown Jewel,PASS
Session 14,C13,Recursion Trace,5,4,5,4,5,5,1,43.65,Crown Jewel,PASS
Session 14,C14,Why This Tension,4,5,5,4,5,5,1,45.71,Crown Jewel,PASS
Session 14,C15,Token Economy Dashboard,5,5,5,4,5,5,2,42.55,Crown Jewel,PASS
Session 14,C16,Adversarial Poetry,5,4,5,3,5,5,2,34.67,Strong Win,PASS
Session 14,C17,Grammar Prevents Danger,5,5,5,4,4,5,2,38.80,Strong Win,PASS
Session 14,C18,Would Kent Allow,4,5,5,4,4,5,2,36.80,Strong Win,PASS
Session 14,C19,Recursive JIT,5,5,5,4,5,5,2,42.55,Crown Jewel,PASS
Session 14,C20,How Does My Body Feel,5,4,5,4,5,5,2,37.50,Strong Win,PASS
Session 14,C21,Parse Replay,4,4,5,4,5,5,2,36.53,Strong Win,PASS
Session 14,C22,What Would Kent Synthesize,5,5,5,4,5,5,2,42.55,Crown Jewel,PASS
Session 14,C23,Self-Healing Pipeline,5,5,5,4,5,5,3,36.86,Strong Win,PASS
Session 14,C24,N Syntheses Explorer,5,5,5,4,5,5,2,42.55,Crown Jewel,PASS
Session 14,C25,Three-Lens Replay,5,5,5,4,5,5,2,42.55,Crown Jewel,PASS
Session 14,C26,Soul-Aware Garden,5,5,5,4,5,5,2,42.55,Crown Jewel,PASS
Session 14,C27,Socratic Sleep Synthesis,5,5,5,4,5,5,2,42.55,Crown Jewel,PASS
Session 14,C28,Tool Output Forensics,4,5,5,4,5,5,2,40.00,Crown Jewel,PASS
Session 14,C29,Adversarial Evolution Viz,5,5,5,4,5,5,3,36.86,Strong Win,PASS
Session 14,C30,Metaphorical Memory,5,5,5,4,5,5,2,42.55,Crown Jewel,PASS
Session 14,C31,Economic Sleep,4,5,5,4,4,5,2,36.80,Strong Win,PASS
Session 14,C32,Ethical Code Review,5,5,5,5,5,5,2,45.54,Crown Jewel,PASS
Session 14,C33,Category Law Prover,5,5,5,4,5,5,3,36.86,Strong Win,PASS
Session 14,C34,Parallel Possibility Explorer,5,5,5,4,5,5,3,36.86,Strong Win,PASS
Session 14,C35,Tension Story Dashboard,5,5,5,4,5,5,3,36.86,Strong Win,PASS
Session 14,C36,Dream Memory Evolution,5,5,5,3,5,5,3,34.46,Strong Win,PASS
Session 14,C37,The Ultimate Dashboard,5,5,5,4,5,5,4,31.03,Strong Win,PASS
Session 14,C46,Thank You Entropy,5,4,5,3,4,5,2,31.97,Strong Win,PASS
Session 14,C47,Future Narratives,5,5,5,4,5,5,3,36.86,Strong Win,PASS
Session 14,C48,Kents Creative Mode,5,5,5,4,4,5,3,33.11,Strong Win,PASS
Session 14,C60,Dialectician Consolidator,4,5,5,4,4,5,2,36.80,Strong Win,PASS
Session 14,C61,Introspector K-gent,4,5,5,4,4,5,2,36.80,Strong Win,PASS
Session 15,Tour.1,Philosophers Tour Script,5,5,5,4,5,5,3,36.86,Strong Win,PASS
Session 15,Tour.2,Developers Tour Script,5,5,5,4,5,5,2,42.55,Crown Jewel,PASS
Session 15,Tour.3,Skeptics Tour Script,4,5,5,4,5,5,4,29.11,Strong Win,PASS
Session 15,Tour.4,Visual Tour Script,5,4,5,4,5,5,1,43.65,Crown Jewel,PASS
Session 15,Tour.5,What If Tour Script,5,5,5,4,5,5,2,42.55,Crown Jewel,PASS
Session 15,Tour.6,Soul Tour Script,5,5,5,4,5,5,2,42.55,Crown Jewel,PASS
Session 15,Tour.7,One-Liner Tour Script,4,4,5,5,5,5,1,43.43,Crown Jewel,PASS
Session 15,Demo.1,Bootstrap Regeneration,5,5,5,5,5,5,5,34.95,Strong Win,PASS
Session 15,Demo.2,K-gent Shadow Detection,5,5,5,5,5,5,1,51.43,Crown Jewel,PASS
Session 15,Demo.3,Parse with Confidence,5,5,5,5,5,5,2,45.54,Crown Jewel,PASS
Session 15,Demo.4,Dialectical Debugger,5,5,5,4,5,5,4,31.03,Strong Win,PASS
Session 15,Demo.5,Stigmergic Field Demo,5,5,5,5,5,5,1,51.43,Crown Jewel,PASS
Session 15,Trick.1,Bootstrap Regeneration Trick,5,5,5,5,5,5,5,34.95,Strong Win,PASS
Session 15,Trick.2,K-gent Shadow Trick,5,5,5,5,5,5,1,51.43,Crown Jewel,PASS
Session 15,Trick.3,Parse Confidence Trick,4,5,5,5,5,5,2,42.40,Crown Jewel,PASS
Session 15,Trick.4,Dialectical Debugger Trick,5,5,5,4,5,5,4,31.03,Strong Win,PASS
Session 15,Trick.5,Stigmergic Field Trick,5,5,5,5,5,5,1,51.43,Crown Jewel,PASS
