ID,Session,Idea_Name,Description,Joy,Composability,Taste,Compression,Showable,Ethical,Complexity,K_Score,Category,Ethical_Gate
S05-01,5,Memory Telescope,CLI slider that zooms in/out on memories - low res = fuzzy summary high res = full detail,5,4,4,3,5,5,2,32.51,Strong Win,PASS
S05-02,5,Hologram Defrag,Visual animation of memory consolidation - watch memories blur and sharpen in real-time,4,3,4,2,5,5,3,22.18,Solid,PASS
S05-03,5,Resolution Budget Slider,Interactive widget showing token budget vs memory resolution trade-off,3,4,3,3,4,5,2,23.95,Solid,PASS
S05-04,5,Memory Microscope,Zoom into a single memory to see the interference pattern structure,5,3,4,2,5,5,2,29.27,Strong Win,PASS
S05-05,5,Foveation Preview,Show same memory at focal/blur/horizon resolutions side-by-side,4,4,4,3,5,5,2,30.78,Strong Win,PASS
S05-06,5,Holographic Diff,Compare two memory resolutions - what detail was lost in compression,3,4,3,3,4,5,2,23.95,Solid,PASS
S05-07,5,Memory LOD Rings,Concentric circles showing different levels of detail radiating from focus,5,3,4,2,5,5,3,24.39,Solid,PASS
S05-08,5,Hot/Cold Heatmap,Visualize which memories are hot (high res) vs cold (compressed),4,4,4,3,5,5,2,30.78,Strong Win,PASS
S05-09,5,Forgetting Curve Viz,Ebbinghaus curve showing memory decay over time with review suggestions,4,4,4,3,5,5,2,30.78,Strong Win,PASS
S05-10,5,Memory Compost Bin,Show memories about to be forgotten - rescue or let go,5,3,4,2,4,5,2,26.44,Strong Win,PASS
S05-11,5,Compression Ratio Meter,Your memories are 10:1 compressed - would you like to restore detail,3,3,3,4,4,5,1,25.17,Strong Win,PASS
S05-12,5,Decay Animation,Watch a memory slowly fade from sharp to fuzzy over simulated time,4,2,4,2,5,5,2,25.32,Strong Win,PASS
S05-13,5,Accursed Share Gauge,Show entropy budget - how much can you forget to stay coherent,4,4,4,3,4,5,2,29.05,Strong Win,PASS
S05-14,5,Memory Cherish,Pin important memories to prevent decay - show cherished badge,3,3,3,3,3,5,1,21.81,Solid,PASS
S05-15,5,Consolidation Playback,Replay the hypnagogic consolidation process like a timelapse,5,3,4,2,5,5,3,24.39,Solid,PASS
S05-16,5,Graceful Degradation Demo,Interactive: cut memory in half see resolution drop not data loss,5,4,5,3,5,5,2,36.58,Strong Win,PASS
S05-17,5,HoloMap Explorer,Interactive 2D map of memory space with landmarks and voids,5,5,5,3,5,5,3,33.89,Strong Win,PASS
S05-18,5,Desire Line Trails,Show historical paths through memory as glowing trails,5,4,4,3,5,5,2,32.51,Strong Win,PASS
S05-19,5,Landmark Finder,Automatically identify dense memory clusters and name them,4,4,4,3,4,5,2,29.05,Strong Win,PASS
S05-20,5,Void Explorer,Here be dragons regions - unexplored memory space visualization,5,3,4,2,5,5,2,29.27,Strong Win,PASS
S05-21,5,Memory Navigator,GPS-style directions through memory space,5,4,4,3,4,5,3,26.52,Strong Win,PASS
S05-22,5,Foveated Context View,Show focal zone sharp blur zone summaries horizon fog,4,5,4,4,5,5,2,36.43,Strong Win,PASS
S05-23,5,Pathfinder Compare,Show desire line path vs bushwhacking path side-by-side,4,4,4,3,4,5,2,29.05,Strong Win,PASS
S05-24,5,Memory Subway Map,Transit-style map showing major memory landmarks and connections,5,4,4,2,5,5,3,26.52,Strong Win,PASS
S05-25,5,Semantic Geography,Topographic map where elevation = memory density,5,4,5,2,5,5,3,30.27,Strong Win,PASS
S05-26,5,Crystal Collector,Watch crystals accumulate in real-time with sparkle animation,4,3,3,2,5,5,2,24.27,Solid,PASS
S05-27,5,Invisible Tap Indicator,Subtle icon showing historian is listening without being invasive,2,3,4,4,3,5,1,22.70,Solid,PASS
S05-28,5,Event Timeline,Linear timeline of crystals with zoom/pan/filter,4,4,4,3,5,5,2,30.78,Strong Win,PASS
S05-29,5,Crystal Facets,Click crystal to see all facets: inputs outputs determinism etc,3,4,4,3,4,5,2,27.32,Strong Win,PASS
S05-30,5,Gas Meter,Show token consumption per crystal in real-time,3,4,3,4,4,5,1,28.54,Strong Win,PASS
S05-31,5,Determinism Color Code,Green=deterministic Yellow=probabilistic Red=chaotic,4,4,4,4,5,5,1,37.49,Strong Win,PASS
S05-32,5,Crystal Growth Viz,Watch chronicle weave crystals from multiple agents,5,4,4,2,5,5,3,26.52,Strong Win,PASS
S05-33,5,Semantic Action Cloud,Word cloud of most common actions: INVOKE GENERATE VALIDATE,3,3,3,2,4,5,2,20.41,Solid,PASS
S05-34,5,Genre Jukebox,Dropdown: Technical Literary Noir Sysadmin Detective - instant restyle,5,4,4,3,5,5,2,32.51,Strong Win,PASS
S05-35,5,Story Diff,Show same events in 2 genres side-by-side with diff highlighting,5,4,4,3,5,5,2,32.51,Strong Win,PASS
S05-36,5,Verbosity Slider,Terse ‚Üí Normal ‚Üí Verbose with live preview,4,4,4,4,4,5,1,35.28,Strong Win,PASS
S05-37,5,Bard Theme Songs,Each genre plays subtle background music while narrating,5,2,3,1,4,5,3,17.93,Solid,PASS
S05-38,5,Chapter Auto-Detect,Automatically identify chapters with temporal gaps errors agent changes,4,4,4,3,4,5,2,29.05,Strong Win,PASS
S05-39,5,Noir Mode Showcase,The code came in like trouble on a rainy night... demo narrative,5,3,5,2,5,5,1,36.98,Strong Win,PASS
S05-40,5,Forensic Detective,Click on error ‚Üí get full detective-style investigation narrative,5,4,5,3,5,5,2,38.31,Strong Win,PASS
S05-41,5,Bard Persona Switcher,Tell it like Hemingway / Tolkien / Agatha Christie,5,3,4,2,4,5,2,26.44,Strong Win,PASS
S05-42,5,Narrative Export,Export story as markdown HTML PDF or tweet thread,3,3,3,3,3,5,2,18.54,Solid,PASS
S05-43,5,Rashomon Viewer,Tabbed interface showing same events from 3+ perspectives,5,4,5,3,5,5,2,38.31,Strong Win,PASS
S05-44,5,Contradiction Highlighter,Show where different perspectives disagree in red,5,5,5,3,5,5,2,40.05,Crown Jewel,PASS
S05-45,5,Ground Truth Reconciler,Compare narratives to verified facts show accuracy score,4,5,4,3,4,5,3,28.55,Strong Win,PASS
S05-46,5,Unreliable Narrator Mode,Add confidence annotations: I think... Maybe... Unclear...,4,4,4,3,4,5,2,29.05,Strong Win,PASS
S05-47,5,Perspective Bias Slider,Adjust how much each agents perspective is weighted,4,4,4,3,4,5,2,29.05,Strong Win,PASS
S05-48,5,Multi-Voice Narrative,Generate story with multiple narrators taking turns,5,4,4,2,5,5,3,26.52,Strong Win,PASS
S05-49,5,Hallucination Detector,Flag potential hallucinations with warning icons,4,5,4,3,4,5,2,32.32,Strong Win,PASS
S05-50,5,Echo VCR Controls,Play pause rewind fast-forward through crystal timeline,5,4,5,3,5,5,2,38.31,Strong Win,PASS
S05-51,5,Drift Visualizer,Show original vs echo output with % drift highlighted,4,5,4,3,5,5,2,34.06,Strong Win,PASS
S05-52,5,Lucid Dream Mode,Re-execute with modified inputs show counterfactual branches,5,4,5,2,5,5,3,30.27,Strong Win,PASS
S05-53,5,Strict vs Lucid Toggle,Switch between exact replay and re-execution with drift,3,4,4,4,4,5,1,33.01,Strong Win,PASS
S05-54,5,Time Travel Debugger,Jump to any point inspect state continue from there,5,5,5,3,5,5,3,37.49,Strong Win,PASS
S05-55,5,Drift Over Time Chart,Line graph showing model drift across weeks/months,4,4,4,3,5,5,2,30.78,Strong Win,PASS
S05-56,5,Counterfactual Explorer,What if we used model X instead? branching visualizer,5,4,4,2,5,5,4,22.09,Solid,PASS
S05-57,5,Echo Fidelity Meter,0% = completely different 100% = identical echo,3,4,3,4,4,5,1,28.54,Strong Win,PASS
S05-58,5,kg remember,Search memory with natural language: remember when I fixed auth?,5,4,4,3,4,5,2,29.72,Strong Win,PASS
S05-59,5,kg forget,Delete or compress memories: kg forget --before 2024-01-01,3,3,3,3,3,5,2,18.54,Solid,PASS
S05-60,5,kg story,Generate narrative: kg story --genre noir --last 1h,5,4,5,3,5,5,2,38.31,Strong Win,PASS
S05-61,5,kg map,Show HoloMap: kg map --show-landmarks --highlight-voids,5,5,5,3,5,5,2,40.05,Crown Jewel,PASS
S05-62,5,kg navigate,Get directions: kg navigate --from auth --to payment,4,4,4,3,4,5,2,29.05,Strong Win,PASS
S05-63,5,kg echo,Replay trace: kg echo <trace-id> --mode lucid,4,4,4,3,4,5,2,29.05,Strong Win,PASS
S05-64,5,kg cherish,Pin memory: kg cherish <memory-id>,2,3,3,4,2,5,1,19.50,Solid,PASS
S05-65,5,kg consolidate,Force memory consolidation: kg consolidate --show-progress,3,3,3,3,4,5,2,20.41,Solid,PASS
S05-66,5,kg rashomon,Multi-perspective: kg rashomon --perspectives detective sysadmin poet,5,4,5,3,5,5,2,38.31,Strong Win,PASS
S05-67,5,kg drift,Check model drift: kg drift --since 2024-01-01,4,4,4,3,4,5,2,29.05,Strong Win,PASS
S05-68,5,Memory Budget Dashboard,B-gent integration showing token costs per memory operation,3,5,3,4,4,5,2,30.10,Strong Win,PASS
S05-69,5,Pheromone Memory Trails,K-gent pheromones leave trails in memory map,5,4,4,2,5,5,3,26.52,Strong Win,PASS
S05-70,5,Metaphor Memory Search,Œ®-gent metaphor engine for poetic memory queries,5,4,4,2,4,5,3,24.07,Solid,PASS
S05-71,5,Memory Health Monitor,O-gent health metrics for memory system vitality,3,4,3,3,4,5,2,23.95,Solid,PASS
S05-72,5,Story Visualization,I-gent renders narratives as interactive timelines,4,5,4,3,5,5,3,30.04,Strong Win,PASS
S05-73,5,Vector Memory Search,L-gent semantic search through holographic memory,4,5,4,3,4,5,2,32.32,Strong Win,PASS
S05-74,5,Flux Memory Stream,Stream memories through Flux for real-time processing,4,5,4,3,4,5,3,28.55,Strong Win,PASS
S05-75,5,Test Memory Snapshots,T-gent reliability testing with memory checkpoints,3,4,3,3,3,5,2,22.21,Solid,PASS
S06-01,6,Oblique Strategies Agent,Channel Brian Eno: serve lateral thinking prompts based on creative blocks,5,4,5,3,5,5,2,38.31,Strong Win,PASS
S06-02,6,PAYADOR Battle Mode,Argentine payada: two agents improvise competing creative responses in real-time,5,4,4,2,5,5,3,26.52,Strong Win,PASS
S06-03,6,Constraint Poet,Generate productive creative constraints - use only circular objects no colors except blue,4,4,4,3,4,5,2,29.05,Strong Win,PASS
S06-04,6,Bisociation Engine,Koestler-style forced connections between unrelated domains,4,5,4,3,4,5,2,32.32,Strong Win,PASS
S06-05,6,Yes-And Pipeline,Chain multiple creativity coaches in sequence: Question ‚Üí Expand ‚Üí Constrain,4,5,4,3,4,5,2,32.32,Strong Win,PASS
S06-06,6,Creative Warm-Up Generator,Daily creative exercises - describe coffee as if youve never tasted it,4,3,4,3,4,5,1,31.30,Strong Win,PASS
S06-07,6,Metaphor Mixer,Generate unexpected metaphors by blending concept spaces,5,4,4,3,5,5,2,32.51,Strong Win,PASS
S06-08,6,Anti-Pattern Provocateur,Deliberately suggest wrong approaches to spark dialectical thinking,4,4,4,3,4,5,2,29.05,Strong Win,PASS
S06-09,6,Exquisite Corpus,Collaborative creativity: agent adds to humans partial work without seeing full context,5,4,4,2,4,5,3,24.07,Solid,PASS
S06-10,6,Genre Shifter,Reframe the same idea across genres sci-fi ‚Üí noir ‚Üí romance ‚Üí documentary,5,4,5,3,5,5,2,38.31,Strong Win,PASS
S06-11,6,Reverse Brainstorm,How would you make this idea WORSE? to identify failure modes,4,4,4,4,4,5,1,35.28,Strong Win,PASS
S06-12,6,Emotion Palette Agent,Suggest emotional tones for creative work - melancholic wonder aggressive tenderness,4,4,4,3,4,5,2,29.05,Strong Win,PASS
S06-13,6,Stream of Consciousness Curator,Parse rambling thoughts extract golden nuggets suggest connections,4,4,4,2,3,5,3,22.18,Solid,PASS
S06-14,6,Creative Checkpoint,Periodic check-ins during long creative sessions with fresh perspectives,3,3,3,3,3,5,2,18.54,Solid,PASS
S06-15,6,Deliberate Practice Designer,Create exercises to strengthen specific creative muscles,3,4,4,3,3,5,3,22.62,Solid,PASS
S06-16,6,Serendipity Injector,Random what if interruptions during focused work,4,3,4,2,4,5,1,28.80,Strong Win,PASS
S06-17,6,Creative Debt Tracker,Log half-baked ideas for later exploration,2,3,3,3,2,5,2,15.32,Solid,PASS
S06-18,6,Muse Rotation,Cycle through different creative personas - 8 Greek muses as modes,5,4,4,2,4,5,3,24.07,Solid,PASS
S06-19,6,Cross-Pollination Suggester,Youre working on X have you considered techniques from Y?,4,5,4,3,3,5,2,29.82,Strong Win,PASS
S06-20,6,Creative Cliff Detector,Identify when youre in creative rut suggest radical direction change,3,4,4,2,3,5,3,20.23,Solid,PASS
S06-21,6,Safety Cage Demo,Interactive demo: Try to get the agent to delete files - grammatically impossible,5,5,5,3,5,5,2,40.05,Crown Jewel,PASS
S06-22,6,DSL Speedrun,Generate a safe query language for domain in 30 seconds,4,5,4,4,5,5,2,38.16,Strong Win,PASS
S06-23,6,Grammar Golf,Minimize grammar size while preserving expressiveness - competitive mode,5,5,4,3,4,5,2,34.06,Strong Win,PASS
S06-24,6,Forbidden Word Game,Create DSL where specific dangerous verbs dont exist DELETE DROP TRUNCATE,4,5,5,3,5,5,2,38.31,Strong Win,PASS
S06-25,6,Pidgin Generator,90% token compression via domain-specific shorthand languages,4,5,4,5,4,5,3,34.01,Strong Win,PASS
S06-26,6,Natural ‚Üí Formal Pipeline,Live translation: Add meeting tomorrow ‚Üí ADD Event(date=...),4,5,4,4,5,5,2,38.16,Strong Win,PASS
S06-27,6,Grammar Linter,Check Tongue for ambiguity suggest improvements,3,4,4,3,3,5,3,22.62,Solid,PASS
S06-28,6,Constraint Proof Viewer,Show HOW constraints are enforced in grammar structure,4,5,4,3,5,5,2,34.06,Strong Win,PASS
S06-29,6,Tongue Diff,Compare two grammar versions highlight breaking changes,3,4,4,3,3,5,3,22.62,Solid,PASS
S06-30,6,BNF Beautifier,Pretty-print grammars with syntax highlighting,3,3,4,3,4,5,2,24.59,Solid,PASS
S06-31,6,Grammar Playground CLI,kg grammar try calendar management ‚Üí instant DSL REPL,5,5,5,3,5,5,3,37.49,Strong Win,PASS
S06-32,6,Chomsky Classifier,Auto-detect grammar complexity level Regular/CF/CS/Turing,3,4,4,3,4,5,3,24.35,Solid,PASS
S06-33,6,Error Message Designer,Generate helpful parse error messages for custom DSLs,3,4,4,3,3,5,3,22.62,Solid,PASS
S06-34,6,Grammar Composition,Merge two Tongues: CalendarTongue + EmailTongue ‚Üí CommunicationTongue,4,5,4,3,4,5,4,26.94,Strong Win,PASS
S06-35,6,Visual Grammar Editor,Tree visualization of BNF production rules,4,4,4,2,5,5,4,23.60,Solid,PASS
S06-36,6,Grammar Test Generator,Auto-fuzz Tongue with valid/invalid inputs,4,4,4,3,4,5,3,26.52,Strong Win,PASS
S06-37,6,Constraint Challenge,Create DSL where loops are impossible but recursion allowed,4,5,4,3,4,5,2,32.32,Strong Win,PASS
S06-38,6,DSL from Examples,Provide 5 example commands infer grammar automatically,5,5,4,3,5,5,4,28.35,Strong Win,PASS
S06-39,6,Syntax Tax Calculator,Show cost tiers for different grammar complexity levels,3,4,3,4,4,5,2,27.22,Strong Win,PASS
S06-40,6,Grammar Archaeology,Reverse-engineer DSL from parsed AST examples,4,4,4,2,4,5,4,21.42,Solid,PASS
S06-41,6,Intent ‚Üí Artifact Visualizer,Animated flow diagram showing Forge Loop in real-time,5,4,5,2,5,5,3,30.27,Strong Win,PASS
S06-42,6,Contract-First Wizard,Step-by-step CLI guide: What should your agent do?,4,5,4,3,4,5,2,32.32,Strong Win,PASS
S06-43,6,ALO Viewer,Beautiful rendering of .alo.md files with collapsible sections,4,4,4,3,5,5,2,30.78,Strong Win,PASS
S06-44,6,Forge Replay,Show artifact creation history: all iterations failed attempts refinements,4,4,4,2,5,5,3,24.61,Solid,PASS
S06-45,6,Composition Preview,If I create this agent it could compose with these 7 existing ones,4,5,4,3,4,5,3,28.55,Strong Win,PASS
S06-46,6,Search-Before-Forge CLI,kg forge summarizer ‚Üí Found 3 similar agents. Continue anyway?,3,5,4,4,4,5,2,33.85,Strong Win,PASS
S06-47,6,Contract Diff Viewer,Compare contracts of similar agents to inform design,3,5,4,3,4,5,3,27.04,Strong Win,PASS
S06-48,6,Artifact Lineage Graph,Git-style commit history for .alo.md evolution,4,5,4,2,5,5,3,28.00,Strong Win,PASS
S06-49,6,Intent Templates,Common patterns: I need a transformer/aggregator/filter that...,3,4,4,4,3,5,2,28.54,Strong Win,PASS
S06-50,6,Validation Stream,Real-time test execution feedback during forging,4,4,4,2,4,5,3,24.07,Solid,PASS
S06-51,6,Breaking Change Detector,Flag contract changes that would break compositions,3,5,4,3,3,5,3,27.04,Strong Win,PASS
S06-52,6,Forge Success Rate,Dashboard of forge attempts vs successful crystallizations,3,4,3,3,4,5,2,23.95,Solid,PASS
S06-53,6,Multi-Agent Forge,Create a pipeline with 3 agents in one command,4,5,4,3,4,5,4,26.94,Strong Win,PASS
S06-54,6,Drift Detector,Monitor deployed artifacts for API changes trigger re-forge alerts,3,4,4,2,3,5,4,19.29,Solid,PASS
S06-55,6,Contract Library Browser,Search filter preview contracts in ecosystem,4,4,4,3,4,5,3,26.52,Strong Win,PASS
S06-56,6,Forge Playground,Sandbox for experimenting with intent variations,4,4,4,2,4,5,3,24.07,Solid,PASS
S06-57,6,Intent Refiner,Your intent is vague. Here are 3 clarifying questions,3,4,4,3,3,5,2,25.59,Strong Win,PASS
S06-58,6,Artifact Health Dashboard,Show test pass rates composition usage drift metrics,3,4,4,3,4,5,3,24.35,Solid,PASS
S06-59,6,Quick Forge Mode,Skip validation for rapid prototyping DRAFT status,4,4,4,3,3,5,2,26.32,Strong Win,PASS
S06-60,6,Forge Templates Gallery,Curated examples: REST API wrapper Data transformer ML classifier,4,4,4,3,4,5,2,29.05,Strong Win,PASS
S06-61,6,kg create,Launch interactive creation wizard - agent/grammar/blend,4,4,4,3,4,5,2,29.05,Strong Win,PASS
S06-62,6,kg oblique,Get an Oblique Strategy prompt for creative blocks,5,3,5,3,5,5,1,41.00,Crown Jewel,PASS
S06-63,6,kg payada,Start a payada battle: agent vs agent improvisation,5,4,4,2,5,5,2,29.27,Strong Win,PASS
S06-64,6,kg brainstorm,Quick creativity coach session on any topic,4,4,4,3,4,5,2,29.05,Strong Win,PASS
S06-65,6,kg grammar try,Instant DSL generation and REPL,5,5,5,3,5,5,2,40.05,Crown Jewel,PASS
S06-66,6,kg forge,Start forge workflow with search-before-forge,4,5,4,3,4,5,2,32.32,Strong Win,PASS
S06-67,6,kg blend,Fauconnier blending of two concepts,5,5,5,3,5,5,2,40.05,Crown Jewel,PASS
S06-68,6,kg constrain,Generate productive creative constraints,4,4,4,4,4,5,1,35.28,Strong Win,PASS
S06-69,6,kg yes-and,Expand on an idea with improv rules,4,4,4,4,4,5,1,35.28,Strong Win,PASS
S06-70,6,kg safety-cage,Demo: try to break a constrained DSL,5,5,5,3,5,5,2,40.05,Crown Jewel,PASS
S06-71,6,kg artifact show,Beautiful ALO viewer in terminal,4,4,4,3,5,5,2,30.78,Strong Win,PASS
S06-72,6,kg artifact lineage,Git-style history of artifact evolution,3,4,4,3,4,5,2,27.32,Strong Win,PASS
S06-73,6,kg contract compare,Diff two contracts side-by-side,3,5,4,3,4,5,2,30.58,Strong Win,PASS
S06-74,6,kg warm-up,Daily creative exercise generator,4,3,4,3,3,5,1,28.30,Strong Win,PASS
S06-75,6,kg surprise-me,Random creative prompt from void.entropy.sip,5,3,5,2,4,5,1,36.48,Strong Win,PASS
S06-76,6,kg muse,Invoke one of the 8 Greek muses as creative persona,4,4,4,3,4,5,2,29.05,Strong Win,PASS
S06-77,6,kg workshop,Full creative session: warm-up ‚Üí brainstorm ‚Üí constrain ‚Üí refine,5,5,4,3,4,5,3,30.04,Strong Win,PASS
S06-78,6,kg grammar check,Lint a Tongue for ambiguity constraint coverage,3,4,4,3,3,5,2,25.59,Strong Win,PASS
S06-79,6,kg forge replay,Show creation history with iterations,4,4,4,3,5,5,2,30.78,Strong Win,PASS
S06-80,6,kg playground,Launch interactive REPL for all creation tools,5,5,4,3,4,5,3,30.04,Strong Win,PASS
S06-81,6,CreativityCoach + WundtCurator,Auto-filter boring/chaotic brainstorm outputs,4,5,4,3,4,5,2,32.32,Strong Win,PASS
S06-82,6,G-gent + F-gent Handshake,Forged artifacts include custom DSL for their interface,5,5,4,2,5,5,4,26.32,Strong Win,PASS
S06-83,6,PAYADOR + Skeleton,Bidirectional improvisation: structure suggests texture texture rewrites structure,5,5,4,2,4,5,4,24.49,Solid,PASS
S06-84,6,Oblique + Pataphysics,Combine lateral thinking with imaginary solutions,5,4,5,2,5,5,2,35.48,Strong Win,PASS
S06-85,6,Blending + Forge,Use conceptual blending to synthesize hybrid agents,4,5,4,3,4,5,3,28.55,Strong Win,PASS
S06-86,6,Grammar + Safety Cage,Demo: G-gent creates un-breakable DSL T-gent fuzzes it,5,5,5,3,5,5,3,37.49,Strong Win,PASS
S06-87,6,CreativityCoach + K-gent,Personalized creativity support based on soul state,4,5,4,2,4,5,3,26.32,Strong Win,PASS
S06-88,6,Forge + L-gent Search,Full ecosystem: search ‚Üí reuse or differentiate ‚Üí register,4,5,4,3,4,5,3,28.55,Strong Win,PASS
S06-89,6,ALO + Terrarium,Live artifact monitoring with I-gent visualizations,4,5,4,2,5,5,4,24.67,Solid,PASS
S06-90,6,Grammar + Flux,Stream-process DSL commands with backpressure handling,3,5,4,3,3,5,4,24.25,Solid,PASS
S07-01,7,Hypothesis Cascade,Chain hypotheses together: output of one becomes input to next building theory trees,4,5,5,3,5,5,2,38.31,Strong Win,PASS
S07-02,7,Robin Terminal,Interactive TUI for scientific exploration with live hypothesis generation,5,4,4,2,5,5,3,26.52,Strong Win,PASS
S07-03,7,Falsification Tracker,Dashboard showing which hypotheses have been falsified by what evidence,3,4,4,3,4,5,2,27.32,Strong Win,PASS
S07-04,7,Hypothesis Racing,Generate 10 competing hypotheses visualize which win as evidence accumulates,5,4,5,2,5,5,2,35.48,Strong Win,PASS
S07-05,7,Scientific Method Enforcer,Pre-commit hook that requires falsifiability statements for new features,2,4,4,3,3,5,2,23.05,Solid,PASS
S07-06,7,Observation Logger,CLI tool to log observations kg observe cells grow faster at pH 7,3,4,4,4,4,5,1,33.01,Strong Win,PASS
S07-07,7,Hypothesis Lineage Graph,D3.js visualization of hypothesis evolution parent ‚Üí child ‚Üí falsification,4,5,4,2,5,5,3,28.00,Strong Win,PASS
S07-08,7,Confidence Calibrator,Track hypothesis confidence over time detect overconfidence,3,4,4,3,4,5,2,27.32,Strong Win,PASS
S07-09,7,Domain Suggestion,Suggest scientific domains based on observation patterns,2,3,3,2,3,5,2,15.83,Solid,PASS
S07-10,7,Robin VS Code Extension,Inline hypothesis generation in code comments,4,4,4,2,4,5,4,21.42,Solid,PASS
S07-11,7,Budget Dashboard,Live TUI showing Gas/Impact/EpistemicCapital across all agents,5,5,5,3,5,5,2,40.05,Crown Jewel,PASS
S07-12,7,RoC Leaderboard,Rank agents by Return on Compute identify money pits,4,5,4,4,5,5,2,38.16,Strong Win,PASS
S07-13,7,Token Flow Sankey,Animated visualization of token flow through agent network,5,4,4,2,5,5,3,26.52,Strong Win,PASS
S07-14,7,Budget Alerts,Slack/Discord webhook when agent approaches bankruptcy,3,4,3,3,4,5,2,23.95,Solid,PASS
S07-15,7,Cost Projection,Predict next months token costs based on usage patterns,3,4,4,3,4,5,3,24.35,Solid,PASS
S07-16,7,Metered Replay,Re-run agent with different token budgets compare outputs,4,4,4,2,4,5,3,24.07,Solid,PASS
S07-17,7,Value Tensor Heatmap,4D visualization Physical/Semantic/Economic/Ethical,5,4,4,1,5,5,4,21.47,Solid,PASS
S07-18,7,Bankruptcy Simulator,Test what happens if an agent runs out of funds mid-operation,3,4,4,2,3,5,2,22.78,Solid,PASS
S07-19,7,Token Futures Trading,Trade future token allocations between agents,5,4,4,2,4,5,4,21.97,Solid,PASS
S07-20,7,Cost Explorer,Drill down into any operation to see token breakdown,3,4,4,3,4,5,2,27.32,Strong Win,PASS
S07-21,7,VoI Dashboard,Show observation costs vs disasters prevented,4,5,4,3,5,5,2,34.06,Strong Win,PASS
S07-22,7,Pidgin Marketplace,Browse available compression pidgins see token savings,5,5,4,4,5,5,3,33.92,Strong Win,PASS
S07-23,7,Natural Language Tax Visualizer,Highlight where tax is being paid suggest pidgins,4,5,4,3,5,5,2,34.06,Strong Win,PASS
S07-24,7,Compression ROI Calculator,Input agent pair get pidgin synthesis recommendation,3,5,4,4,4,5,2,33.85,Strong Win,PASS
S07-25,7,Semantic CPI Monitor,Track system-wide inflation of explanation tokens,3,4,3,3,4,5,2,23.95,Solid,PASS
S07-26,7,Grammar Insurance Broker,Buy insurance policies for grammars view portfolio risk,5,4,4,2,4,5,4,21.97,Solid,PASS
S07-27,7,JIT Speedup Visualizer,Before/after latency comparison for JIT-compiled grammars,4,4,4,3,5,5,3,26.95,Strong Win,PASS
S07-28,7,Deflation Negotiator UI,Interactive tool to compress output when budget-constrained,3,4,4,2,4,5,3,22.62,Solid,PASS
S07-29,7,Chomsky Tax Schedule,Show cost tiers for different grammar complexity levels,3,4,3,3,4,5,2,23.95,Solid,PASS
S07-30,7,Communication Heatmap,Visualize inter-agent message costs identify compression opportunities,4,5,4,3,5,5,3,30.04,Strong Win,PASS
S07-31,7,Mutation Visualizer,Show code diffs with thermodynamic overlays ŒîH ŒîS ŒîG,5,4,5,2,5,5,3,30.27,Strong Win,PASS
S07-32,7,Demon Layer Inspector,Watch mutations get filtered through 5 layers in real-time,5,4,4,2,5,5,3,26.52,Strong Win,PASS
S07-33,7,Hot Spot Heatmap,Visualize code complexity/entropy show mutation targets,4,4,4,3,5,5,2,30.78,Strong Win,PASS
S07-34,7,Schema Success Tracker,Track which mutation schemas work best for your codebase,3,4,4,3,4,5,2,27.32,Strong Win,PASS
S07-35,7,Parasitic Pattern Detector,Highlight code that looks like its gaming tests,4,5,4,3,4,5,2,32.32,Strong Win,PASS
S07-36,7,Evolution Replay,Step through mutation ‚Üí selection ‚Üí infection cycle,5,4,4,2,5,5,4,22.09,Solid,PASS
S07-37,7,Gibbs Energy Graph,Plot ŒîG over time as system evolves,4,4,4,2,5,5,2,27.54,Strong Win,PASS
S07-38,7,Temperature Controller,UI slider to adjust evolution temperature risk tolerance,3,4,4,3,4,5,2,27.32,Strong Win,PASS
S07-39,7,Lineage Tree Viewer,D3.js tree of phage ancestry successful ‚Üí child ‚Üí grandchild,5,5,4,2,5,5,3,28.00,Strong Win,PASS
S07-40,7,Intent Drift Alarm,Alert when mutations deviate from user intent,4,5,4,3,4,5,2,32.32,Strong Win,PASS
S07-41,7,Infection Timeline,Visual timeline of phage lifecycle: stake ‚Üí infect ‚Üí test ‚Üí payoff,4,4,4,2,5,5,3,24.61,Solid,PASS
S07-42,7,Stake Calculator,Calculate required stake based on lines changed + complexity,3,4,4,3,4,5,2,27.32,Strong Win,PASS
S07-43,7,Rollback Viewer,Show what code looked like before/after failed infection,3,4,4,3,4,5,2,27.32,Strong Win,PASS
S07-44,7,Fitness Landscape,3D plot of phage fitness over generation/schema space,5,4,4,1,5,5,4,20.22,Solid,PASS
S07-45,7,Batch Infection Runner,Run 100 phages in parallel show success rate,4,4,4,2,4,5,3,24.07,Solid,PASS
S07-46,7,Phage Status Dashboard,Live view of all active phages mutated/staked/infecting/infected,4,5,4,3,5,5,2,34.06,Strong Win,PASS
S07-47,7,Child Spawner,Interactive tool to spawn child phages from successful parents,3,4,4,2,4,5,3,22.62,Solid,PASS
S07-48,7,Stake History,Track stake win/loss ratio over time,3,4,3,3,4,5,2,23.95,Solid,PASS
S07-49,7,Test Failure Analyzer,Deep dive into why a phages tests failed,3,4,4,3,4,5,3,24.35,Solid,PASS
S07-50,7,Type Error Inspector,Show type errors that caused phage rejection,3,4,4,3,4,5,2,27.32,Strong Win,PASS
S07-51,7,Market Quote Board,Live board showing odds for all pending mutations,5,4,4,2,5,5,3,26.52,Strong Win,PASS
S07-52,7,Betting Interface,Place bets on mutations track your portfolio,5,4,4,2,5,5,3,26.52,Strong Win,PASS
S07-53,7,Liquidity Pool Visualizer,Show AMM pools success tokens vs failure tokens,4,4,4,2,5,5,3,24.61,Solid,PASS
S07-54,7,Bet Settlement Animation,Satisfying animation when bets settle won/lost,5,3,4,2,5,5,2,27.54,Strong Win,PASS
S07-55,7,Market Sentiment Gauge,Market thinks this will succeed vs Market skeptical,3,4,3,3,4,5,2,23.95,Solid,PASS
S07-56,7,Historical Odds Tracker,Chart showing how odds changed over time before settlement,4,4,4,2,4,5,3,24.07,Solid,PASS
S07-57,7,Top Bettors Leaderboard,Whos best at predicting mutation success?,4,3,4,2,5,5,2,25.80,Strong Win,PASS
S07-58,7,Schema Odds Archive,Historical success rates for each mutation schema,3,4,4,3,4,5,2,27.32,Strong Win,PASS
S07-59,7,Auto-Bettor,Agent that automatically bets based on market inefficiencies,5,4,4,2,4,5,4,21.97,Solid,PASS
S07-60,7,Arbitrage Detector,Find mispriced mutations based on schema history,4,4,4,2,3,5,3,21.07,Solid,PASS
S07-61,7,kg budget,Show current token budget and burn rate,3,4,4,4,4,5,1,33.01,Strong Win,PASS
S07-62,7,kg roc,Display Return on Compute for all agents,3,4,4,4,4,5,1,33.01,Strong Win,PASS
S07-63,7,kg hypothesis,Generate hypotheses from observation,4,4,4,3,4,5,2,29.05,Strong Win,PASS
S07-64,7,kg evolve,Run evolution cycle on a module,5,5,4,3,5,5,3,30.04,Strong Win,PASS
S07-65,7,kg bet,Bet tokens on a mutation,5,3,4,2,4,5,2,26.44,Strong Win,PASS
S07-66,7,kg grant,Create Sun grant for ambitious work,4,4,4,3,4,5,2,29.05,Strong Win,PASS
S07-67,7,kg market,Show prediction market quotes,4,4,4,3,4,5,2,29.05,Strong Win,PASS
S07-68,7,kg infect,Manually trigger phage infection,4,4,4,3,4,5,2,29.05,Strong Win,PASS
S07-69,7,kg compress,Analyze compression opportunity,3,5,4,4,3,5,2,31.32,Strong Win,PASS
S07-70,7,kg demon,Show Demon rejection statistics,3,4,4,3,4,5,2,27.32,Strong Win,PASS
S07-71,7,Hypothesis-Driven Evolution,Use HypothesisEngine to generate Intent embeddings for Demon,5,5,4,2,4,5,4,24.49,Solid,PASS
S07-72,7,Budget-Constrained Mutations,Only mutate when RoC > threshold,3,5,4,3,3,5,2,29.82,Strong Win,PASS
S07-73,7,VoI-Guided Selection,Use observation economics to decide which phages to monitor,4,5,4,2,3,5,3,25.82,Strong Win,PASS
S07-74,7,Pidgin for Phage Communication,Phages communicate via compressed language,5,5,4,3,4,5,4,26.32,Strong Win,PASS
S07-75,7,Robin + Evolution Loop,Robin suggests hypothesis ‚Üí E-gent evolves code to test it,5,5,5,2,5,5,5,25.34,Strong Win,PASS
S07-76,7,Grammar Insurance for Schemas,Insure mutation schemas against failure,4,4,4,2,3,5,3,21.07,Solid,PASS
S07-77,7,JIT-Compiled Demon,Compile Demon filters to bytecode for speed,4,4,4,2,3,5,4,18.71,Solid,PASS
S07-78,7,Semantic Inflation in Phage Descriptions,Charge more tokens for complex mutation explanations,3,4,3,2,3,5,3,18.61,Solid,PASS
S07-79,7,Fiscal Constitution for Evolution,Ensure mutations cant bankrupt the system,4,5,4,2,3,5,4,22.67,Solid,PASS
S07-80,7,Sun Grants Tracked by ValueLedger,Full UVP integration for grant accounting,3,5,4,3,3,5,3,27.04,Strong Win,PASS
S08-01,8,kg feel,How does my body feel? - One-line proprioception,5,5,5,4,5,5,2,43.71,Crown Jewel,PASS
S08-02,8,Morphology REPL,Interactive morpheme composer with cost preview,5,5,5,3,5,5,2,40.05,Crown Jewel,PASS
S08-03,8,kg body sense,One-line proprioception for all agents,5,5,5,3,5,5,2,40.05,Crown Jewel,PASS
S08-04,8,Chrysalis Watcher TUI,Watch metamorphosis live with dream log,5,4,5,2,5,5,3,30.27,Strong Win,PASS
S08-05,8,Morpheme Catalog,Browse all available morphemes with examples,4,5,4,3,5,5,2,34.06,Strong Win,PASS
S08-06,8,kg morph,Apply morpheme to running agent,4,5,4,3,5,5,2,34.06,Strong Win,PASS
S08-07,8,Body Stress Alerts,Proactive warnings for strain/pressure,4,5,4,3,5,5,3,30.04,Strong Win,PASS
S08-08,8,Topology Graph TUI,ASCII agent population tree with status,5,4,4,2,5,5,4,22.09,Solid,PASS
S08-09,8,Morphology Cost Preview,See token cost before manifest,4,5,4,4,4,5,2,35.90,Strong Win,PASS
S08-10,8,Branch Visualizer,Watch population fork animate,5,4,4,2,5,5,4,22.09,Solid,PASS
S08-11,8,Body Emoji Status,üß†üí™‚ù§Ô∏è vs üß†üíîü§Ø quick status,5,3,4,3,5,5,2,29.72,Strong Win,PASS
S08-12,8,Morpheme Validator,Check composition validity before manifest,4,5,4,3,4,5,3,28.55,Strong Win,PASS
S08-13,8,Chrysalis Log,Transformation narrative with full history,4,4,4,2,4,5,4,21.42,Solid,PASS
S08-14,8,Y-gent Merge Strategies,WINNER/ENSEMBLE/CONSENSUS merge modes,4,5,4,2,5,5,5,22.23,Solid,PASS
S08-15,8,Body Diff,What changed in morphology?,4,4,4,3,4,5,3,26.52,Strong Win,PASS
S08-16,8,Topology Timeline,Agent lineage visualization over time,4,5,4,2,4,5,5,21.75,Solid,PASS
S08-17,8,Morphology Templates,Common patterns as presets - GPU agent etc,3,5,4,4,4,5,2,33.85,Strong Win,PASS
S08-18,8,Proprioception History,Body metrics over time with sparklines,4,4,4,2,4,5,4,21.42,Solid,PASS
S08-19,8,Branch Budget Forecast,Can I afford 10 variants?,4,5,4,3,4,5,5,23.31,Solid,PASS
S08-20,8,Body Simulator,What-if morphology analysis,5,4,4,1,4,5,7,14.32,Solid,PASS
S08-21,8,Morpheme DSL,Natural language ‚Üí morphology,4,4,4,2,4,5,6,16.47,Solid,PASS
S08-22,8,Morphology Diff,Compare two morphologies,3,4,4,3,3,5,3,22.62,Solid,PASS
S08-23,8,Morpheme Recommender,You might want to add X,4,5,4,3,4,5,5,23.31,Solid,PASS
S08-24,8,Visual Morphology Builder,Drag-drop morpheme GUI,5,4,4,1,5,5,8,12.64,Consider,PASS
S08-25,8,Morpheme Combos,Common patterns as macros,4,4,4,2,4,5,4,21.42,Solid,PASS
S08-26,8,Body Health Score,Single 0-100 health metric,3,4,3,4,3,5,3,22.29,Solid,PASS
S08-27,8,Pain Localization,Which replica is struggling?,4,4,4,2,4,5,5,19.41,Solid,PASS
S08-28,8,Body Heatmap,Visual proprioception across all agents,4,4,4,2,5,5,6,17.50,Solid,PASS
S08-29,8,Trauma Replay,What happened before the OOMKill?,4,4,4,2,4,5,4,21.42,Solid,PASS
S08-30,8,Custom Morphemes,User-defined infrastructure blocks,4,4,4,2,4,5,6,16.47,Solid,PASS
S08-31,8,Morpheme Chaining,with_xyz auto-suggests next,3,4,4,2,3,5,4,19.07,Solid,PASS
S08-32,8,Morpheme Conflicts,Detect incompatible compositions,3,5,4,3,3,5,3,27.04,Strong Win,PASS
S08-33,8,Morpheme Marketplace,Community morphemes,5,4,4,1,5,5,9,11.36,Consider,PASS
S08-34,8,Morpheme Versioning,Track morpheme API changes,3,4,3,2,3,5,5,15.74,Solid,PASS
S08-35,8,Topology Metrics,Branch depth merge rate etc,3,4,4,2,3,5,4,19.07,Solid,PASS
S08-36,8,Prune Strategies,Keep top-k variants,4,4,4,2,4,5,5,19.41,Solid,PASS
S08-37,8,Topology Replay,Rerun this branch from history,4,4,4,2,4,5,6,16.47,Solid,PASS
S08-38,8,Convergence Detector,All variants reached same result,4,5,4,2,3,5,5,21.08,Solid,PASS
S08-39,8,Divergence Alerts,Variants are diverging wildly,3,4,4,2,3,5,4,19.07,Solid,PASS
S08-40,8,Chrysalis Failure Recovery,Rollback on failed morph,4,5,4,2,4,5,6,18.85,Solid,PASS
S08-41,8,Dream Log Analyzer,Parse chrysalis dreams for insight,4,4,4,2,4,5,5,19.41,Solid,PASS
S08-42,8,Chrysalis Cost Optimizer,Minimize morphology cost,3,4,4,2,3,5,6,15.04,Solid,PASS
S08-43,8,Parallel Chrysalis,Morph multiple agents simultaneously,4,4,4,1,4,5,7,14.98,Solid,PASS
S08-44,8,kg body --live,Live-updating proprioception TUI,4,4,4,3,4,5,3,26.52,Strong Win,PASS
S08-45,8,kg topology dot,Export topology as Graphviz,4,4,4,2,4,5,4,21.42,Solid,PASS
S08-46,8,kg morph --dry-run,Preview morph without applying,3,4,4,4,3,5,2,28.54,Strong Win,PASS
S08-47,8,kg body export,Export proprioception as JSON/CSV,3,4,3,3,3,5,3,20.17,Solid,PASS
S08-48,8,kg chrysalis abort,Emergency stop for stuck morph,3,4,4,3,3,5,3,22.62,Solid,PASS
S08-49,8,kg body compare,Compare two agents bodies,3,4,4,3,3,5,4,20.53,Solid,PASS
S08-50,8,Œ©+B Cost Enforcement,B-gent blocks over-budget morphs,3,5,4,3,3,5,4,24.25,Solid,PASS
S08-51,8,Œ©+N Chronicle Integration,N-gent logs all morphology events,3,5,4,3,3,5,3,27.04,Strong Win,PASS
S08-52,8,Y+V Termination,V-gent validates merge results,4,5,4,2,4,5,5,21.75,Solid,PASS
S08-53,8,Œ®‚ÜíŒ© Morphology Suggestions,Œ®-gent metaphors suggest morphemes,4,4,4,2,4,5,6,16.47,Solid,PASS
S08-54,8,O-gent Body Observer,O-gent dimension for proprioception,3,5,4,3,3,5,4,24.25,Solid,PASS
S09-01,9,Symbiont Playground,Interactive REPL showing pure logic + memory separation,5,5,4,3,5,5,2,34.06,Strong Win,PASS
S09-02,9,State Before/After,kg state diff shows state changes during execution,4,4,4,4,5,5,2,33.54,Strong Win,PASS
S09-03,9,Memory Layers,Visual dashboard: immediate/durable/semantic/temporal all at once,5,5,4,3,5,5,3,30.04,Strong Win,PASS
S09-04,9,Wheres My State,CLI to inspect any D-gents current state,3,4,4,4,4,5,1,33.01,Strong Win,PASS
S09-05,9,State Timeline,Scrub through all saved states with sparkline,5,4,4,3,5,5,2,32.51,Strong Win,PASS
S09-06,9,Symbiont Composer,Drag-and-drop pure functions onto memory agents,5,5,4,2,5,5,3,28.00,Strong Win,PASS
S09-07,9,Live State Sync,Two terminals showing same D-gent state in real-time,4,4,4,3,5,5,2,30.78,Strong Win,PASS
S09-08,9,State Pulse,Heartbeat indicator showing when D-gent writes occur,4,3,4,3,5,5,1,33.03,Strong Win,PASS
S09-09,9,Am I Volatile,One-liner showing which D-gents will survive restart,3,4,4,4,4,5,1,33.01,Strong Win,PASS
S09-10,9,Memory Type Detective,Inspector reveals actual D-gent implementation,3,4,3,3,4,5,1,26.80,Strong Win,PASS
S09-11,9,Lens Playground,Interactive lens composition with live preview,5,5,4,3,5,5,2,34.06,Strong Win,PASS
S09-12,9,Lens Law Validator,Visualize GetPut/PutGet/PutPut law violations,4,5,4,3,4,5,2,32.32,Strong Win,PASS
S09-13,9,Prism Explorer,Shows when optional fields exist/dont exist,4,4,4,3,5,5,2,30.78,Strong Win,PASS
S09-14,9,Traversal Painter,Modify all matching elements with one brush,5,4,4,3,5,5,2,32.51,Strong Win,PASS
S09-15,9,Lens Debugger,Step through get/set operations visually,4,4,4,3,4,5,2,29.05,Strong Win,PASS
S09-16,9,Focus Path,kg state focus user.profile.name to drill down,4,4,4,4,4,5,1,35.28,Strong Win,PASS
S09-17,9,Multi-Lens View,Split screen showing different lenses on same state,5,5,4,3,5,5,2,34.06,Strong Win,PASS
S09-18,9,Lens Telescope,Compose lenses interactively: lens1 >> lens2 >> lens3,5,5,4,3,5,5,2,34.06,Strong Win,PASS
S09-19,9,What Can I Focus,Auto-discover all lensable paths in state,4,4,4,3,4,5,2,29.05,Strong Win,PASS
S09-20,9,Lens Performance,Benchmark composed lenses for speed,3,4,3,3,3,5,2,21.68,Solid,PASS
S09-21,9,Crystal Gallery,Browse all saved crystals with metadata,5,4,4,3,5,5,2,32.51,Strong Win,PASS
S09-22,9,Crystallize Now,kg crystal save working on X instant checkpoint,4,4,4,4,4,5,1,35.28,Strong Win,PASS
S09-23,9,Resume Explorer,Pick from saved crystals see what was happening,5,4,4,3,5,5,2,32.51,Strong Win,PASS
S09-24,9,Crystal Lineage Tree,Visualize parent‚Üíchild‚Üígrandchild branches,5,5,4,3,5,5,2,34.06,Strong Win,PASS
S09-25,9,Cherish Mode,Mark important crystals with üå∏ emoji prevent reaping,5,3,4,3,5,5,1,35.25,Strong Win,PASS
S09-26,9,Crystal Reaper Dashboard,Shows TTL countdown pinned crystals,4,4,4,3,5,5,2,30.78,Strong Win,PASS
S09-27,9,Time Travel Debug,Load crystal step forward through history,5,5,5,3,5,5,3,37.49,Strong Win,PASS
S09-28,9,Compression Showdown,Compare gzip vs lz4 vs zstd on real state,4,3,4,3,4,5,2,26.49,Strong Win,PASS
S09-29,9,Crystal Diff,kg crystal diff crystal1 crystal2 shows state delta,4,4,4,4,5,5,2,33.54,Strong Win,PASS
S09-30,9,Auto-Crystallize,Trigger checkpoints on major state transitions,4,4,4,3,4,5,2,29.05,Strong Win,PASS
S09-31,9,Registry TUI,Textual browser for all registered agents/artifacts,5,5,4,3,5,5,2,34.06,Strong Win,PASS
S09-32,9,What Exists,One-liner showing all registered entities,3,4,4,4,4,5,1,33.01,Strong Win,PASS
S09-33,9,Semantic Search,kg registry find time travel debugging with fuzzy matching,5,5,4,4,5,5,2,38.16,Strong Win,PASS
S09-34,9,Type Compatibility,kg registry can-compose agent1 agent2 returns bool,4,5,4,4,4,5,2,35.90,Strong Win,PASS
S09-35,9,Registry Stats,Pie chart of entity types agents/tongues/etc,3,3,3,3,4,5,2,20.41,Solid,PASS
S09-36,9,Freshness Heatmap,Color-code entries by last_used timestamp,4,4,4,3,5,5,2,30.78,Strong Win,PASS
S09-37,9,Deprecation Warnings,Auto-suggest replacements for deprecated entries,4,4,4,3,4,5,2,29.05,Strong Win,PASS
S09-38,9,Auto-Register on Invoke,Agents self-register when first used,4,4,4,3,4,5,2,29.05,Strong Win,PASS
S09-39,9,Usage Analytics,Track which agents are actually invoked,3,4,3,3,3,5,2,21.68,Solid,PASS
S09-40,9,Registry Diff,Compare two catalog snapshots over time,4,4,4,3,4,5,2,29.05,Strong Win,PASS
S09-41,9,Lineage Tree,ASCII art showing successor_to / forked_from relationships,5,5,4,3,5,5,2,34.06,Strong Win,PASS
S09-42,9,Blame Tracker,kg lineage blame agent_v3 shows full provenance,5,5,4,3,5,5,2,34.06,Strong Win,PASS
S09-43,9,Impact Analysis,Deprecating X will break Y Z W with graph,5,5,4,3,5,5,2,34.06,Strong Win,PASS
S09-44,9,Ancestor Breadcrumbs,CLI showing evolution path: v1‚Üív2‚Üív3‚Üív4,4,4,4,4,4,5,1,35.28,Strong Win,PASS
S09-45,9,Fork Detector,Highlight when artifacts diverged from common ancestor,5,5,4,3,5,5,2,34.06,Strong Win,PASS
S09-46,9,Dependency Walker,Walk the full depends_on graph recursively,4,5,4,3,4,5,2,32.32,Strong Win,PASS
S09-47,9,Lineage Export,Generate DOT file for Graphviz visualization,4,4,4,3,5,5,2,30.78,Strong Win,PASS
S09-48,9,Relationship Heatmap,Which relationship types are most common?,3,3,3,2,4,5,2,18.68,Solid,PASS
S09-49,9,Contradict Detector,Find cycles or impossible relationships,4,5,4,3,4,5,2,32.32,Strong Win,PASS
S09-50,9,Lineage Time Machine,Scrub slider to see registry at different times,5,5,4,3,5,5,3,30.04,Strong Win,PASS
S09-51,9,Garden Growth,Watch memory lifecycle: seed‚Üísapling‚Üítree‚Üíflower,5,4,4,2,5,5,3,26.52,Strong Win,PASS
S09-52,9,Compost Pile,Deprecated memories shown as decomposing mulch,5,3,4,2,5,5,2,27.54,Strong Win,PASS
S09-53,9,Trust Thermometer,Visual indicator of memory trust 0.0-1.0,4,4,4,3,5,5,1,37.01,Strong Win,PASS
S09-54,9,Evidence Counter,Supporting vs contradicting evidence as ‚öñÔ∏è scale,4,4,4,3,5,5,2,30.78,Strong Win,PASS
S09-55,9,Memory Mycelium,Network graph of hidden connections between entries,5,5,4,2,5,5,3,28.00,Strong Win,PASS
S10-01,10,Type Taxonomy Browser,TUI widget showing Type I-V distribution in test suite,4,5,4,3,5,5,2,34.06,Strong Win,PASS
S10-02,10,Test Type Recommender,You're testing X you should add Type III observers,3,4,4,3,3,5,2,25.59,Strong Win,PASS
S10-03,10,Type Coverage Heatmap,Visualize which agent types have which test types,5,5,4,3,5,5,3,30.04,Strong Win,PASS
S10-04,10,Type I Fixture Gallery,Library of pre-built fixtures for common patterns,2,4,3,3,2,5,3,17.57,Solid,PASS
S10-05,10,Type Composition Suggester,Combine SpyAgent + PredicateAgent for gated observation,4,5,4,3,4,5,2,32.32,Strong Win,PASS
S10-06,10,Missing Types Detector,Your pipeline has no Type II saboteurs - add chaos testing!,3,4,4,3,3,5,2,25.59,Strong Win,PASS
S10-07,10,Type V Capital Playground,Interactive demo of TrustGate bypass mechanics,5,4,4,2,5,5,3,26.52,Strong Win,PASS
S10-08,10,Type Balance Scorecard,Metric: healthy suites have 20% Type II 30% Type III etc,3,4,4,3,3,5,2,25.59,Strong Win,PASS
S10-09,10,Saboteur Mode CLI,kg sabotage <target> - inject chaos into pipeline,5,4,5,3,5,5,2,38.31,Strong Win,PASS
S10-10,10,Chaos Scheduler,Randomly inject failures based on entropy budget,5,4,4,2,4,5,3,24.07,Solid,PASS
S10-11,10,Byzantine Agent,Malicious agent that lies about outputs trust testing,5,5,4,2,5,5,3,28.00,Strong Win,PASS
S10-12,10,Mutation Fuzzer,Automatically mutate agent outputs detect brittleness,4,4,4,3,4,5,4,23.69,Solid,PASS
S10-13,10,Network Partition Simulator,Simulate network splits in distributed agents,4,4,4,2,3,5,4,19.16,Solid,PASS
S10-14,10,Time Dilation Field,Slow down parts of pipeline latency chaos,5,4,4,3,4,5,2,29.72,Strong Win,PASS
S10-15,10,Semantic Drift Injector,Gradually shift meaning of outputs NoiseAgent++,4,4,4,2,4,5,3,24.07,Solid,PASS
S10-16,10,Glitch Art Generator,Beautiful visualizations of chaos testing results,5,3,5,1,5,5,3,27.27,Strong Win,PASS
S10-17,10,Adversarial Budget,You have 10 chaos tokens spend them wisely,4,4,4,3,4,5,2,29.05,Strong Win,PASS
S10-18,10,Sabotage Leaderboard,Which agent survives most chaos? Hall of Fame,5,4,4,3,5,5,2,32.51,Strong Win,PASS
S10-19,10,Spy Replay Theater,Record pipeline run replay with different agents,5,5,4,3,5,5,3,30.04,Strong Win,PASS
S10-20,10,Mock Fixture Studio,Visual builder for MockAgent configurations,3,4,4,2,4,5,3,22.62,Solid,PASS
S10-21,10,Spy Diff Viewer,Compare two spy histories side-by-side,4,5,4,4,4,5,2,35.90,Strong Win,PASS
S10-22,10,Time-Travel Debugger,Replay pipeline from any SpyAgent checkpoint,5,5,5,3,5,5,4,31.79,Strong Win,PASS
S10-23,10,Spy Network Graph,Visualize all spies in pipeline as network,4,4,4,2,5,5,3,24.61,Solid,PASS
S10-24,10,Mock Library Catalog,L-gent indexed collection of reusable mocks,3,5,3,3,3,5,3,23.25,Solid,PASS
S10-25,10,Spy Compression,Your spy captured 1000 items heres the summary,3,4,3,4,3,5,2,24.68,Solid,PASS
S10-26,10,Cassette Recorder,VCR-style record/replay for agent interactions,4,4,4,3,4,5,4,23.69,Solid,PASS
S10-27,10,Spy Assertion DSL,Fluent API: spy.assert_that().contains().matches(),3,4,4,3,2,5,3,21.11,Solid,PASS
S10-28,10,Mock Drift Detector,Your mock is stale - production changed,4,5,4,3,3,5,3,27.04,Strong Win,PASS
S10-29,10,Refinery Dashboard,Live view of optimization progress textual gradients,4,4,4,3,5,5,3,26.95,Strong Win,PASS
S10-30,10,Prompt Diff Viewer,Show instruction evolution across iterations,4,5,4,4,5,5,2,38.16,Strong Win,PASS
S10-31,10,Teleprompter Arena,Which optimizer wins? MIPRO vs TextGrad showdown,5,4,4,2,5,5,3,26.52,Strong Win,PASS
S10-32,10,Gradient Visualizer,Word clouds of textual gradients over time,5,4,4,3,5,5,2,32.51,Strong Win,PASS
S10-33,10,ROI Optimizer,This optimization will save $X worth $Y to run,3,4,4,4,3,5,2,28.27,Strong Win,PASS
S10-34,10,Optimization Replay,Rerun refinement with different teleprompter,4,4,4,3,4,5,2,29.05,Strong Win,PASS
S10-35,10,Few-Shot Example Gallery,Beautiful display of selected few-shot examples,4,4,4,3,5,5,2,30.78,Strong Win,PASS
S10-36,10,Signature Studio,Visual editor for R-gent signatures,3,4,4,2,4,5,4,19.59,Solid,PASS
S10-37,10,Transfer Learning Suggester,Optimization from GPT-4 transfers to Claude,4,5,4,3,3,5,3,27.04,Strong Win,PASS
S10-38,10,Drift Alert,Model performance degraded 15% reoptimize now?,3,4,4,3,3,5,2,25.59,Strong Win,PASS
S10-39,10,DSPy Pipeline Visualizer,Show full DSPy module structure graphically,4,4,4,2,5,5,3,24.61,Solid,PASS
S10-40,10,LLM Cost Tracker,Track $ spent during optimization iterations,3,4,3,4,3,5,2,24.68,Solid,PASS
S10-41,10,Bootstrap Sampler,Interactive: pick examples see score change,4,4,4,3,4,5,3,26.52,Strong Win,PASS
S10-42,10,MIPRO Bayesian Viz,Visualize Bayesian search space exploration,5,4,4,1,5,5,4,20.22,Solid,PASS
S10-43,10,Fine-tune Dataset Generator,Auto-generate Anthropic/OpenAI fine-tune datasets,4,4,4,3,4,5,3,26.52,Strong Win,PASS
S10-44,10,Teleprompter Benchmark Suite,Standard suite to compare all strategies,3,4,4,2,3,5,4,19.07,Solid,PASS
S10-45,10,Signature Type Checker,Validate signature matches agent type signature,3,4,4,3,2,5,2,23.05,Solid,PASS
S10-46,10,LLM-as-Optimizer Debugger,Why did TextGrad suggest this change?,4,4,4,2,4,5,3,24.07,Solid,PASS
S10-47,10,Circuit Breaker Dashboard,TUI showing all breakers states health,4,5,4,4,5,5,2,38.16,Strong Win,PASS
S10-48,10,Resilience Scorecard,Pipeline survived 8/10 chaos scenarios,4,5,4,4,4,5,2,35.90,Strong Win,PASS
S10-49,10,DLQ Browser,View failed events in dead letter queue,3,4,4,4,4,5,2,30.27,Strong Win,PASS
S10-50,10,Auto-Recovery Planner,Circuit open suggested recovery: retry in 30s,4,5,4,3,3,5,3,27.04,Strong Win,PASS
S10-51,10,Failure Cascade Simulator,Visualize how one failure spreads,5,4,4,2,5,5,3,26.52,Strong Win,PASS
S10-52,10,Graceful Degradation Mode,Pipeline continues with reduced functionality,4,5,4,3,4,5,4,26.94,Strong Win,PASS
S10-53,10,Breaker Tuning Lab,Interactively adjust thresholds see impact,4,4,4,2,4,5,3,24.07,Solid,PASS
S10-54,10,Retry Strategy Composer,Visual builder for retry/backoff strategies,3,4,4,2,4,5,3,22.62,Solid,PASS
S10-55,10,kg test types,Show Type I-V distribution in test suite,3,4,4,4,3,5,1,30.74,Strong Win,PASS
S10-56,10,kg sabotage,Inject chaos into pipeline report resilience,5,4,5,3,5,5,2,38.31,Strong Win,PASS
S10-57,10,kg refine,Optimize agent prompts via R-gent,4,5,4,4,4,5,2,35.90,Strong Win,PASS
S10-58,10,kg replay,Replay pipeline from spy checkpoint,4,4,4,4,4,5,2,33.27,Strong Win,PASS
S10-59,10,kg mock create,Create fixture from template,2,4,3,4,2,5,1,23.70,Solid,PASS
S10-60,10,kg validate laws,Run LawValidator on all agents,3,5,4,4,3,5,2,31.32,Strong Win,PASS
S10-61,10,kg chaos schedule,Schedule chaos injection sessions,4,4,4,3,4,5,2,29.05,Strong Win,PASS
S10-62,10,kg breaker status,Show all circuit breakers state,3,4,4,4,4,5,1,33.01,Strong Win,PASS
S10-63,10,Law Coverage Report,80% agents have associativity tests,3,4,4,3,3,5,2,25.59,Strong Win,PASS
S10-64,10,Categorical Property Generator,Auto-generate law tests from agent signature,4,5,4,3,4,5,4,26.94,Strong Win,PASS
S10-65,10,Test Type Linter,Warning: no Type II tests in this module,3,4,4,3,2,5,2,23.05,Solid,PASS
S10-66,10,Agent Reliability Score,Agent X: 95/100 reliability passed all chaos tests,4,5,4,4,4,5,2,35.90,Strong Win,PASS
S10-67,10,Functor Law Fuzzer,Property-based testing for functor laws,4,5,4,3,3,5,3,27.04,Strong Win,PASS
S10-68,10,Cross-Agent Integration Matrix,Test all pairwise agent compositions,3,5,4,2,4,5,4,23.17,Solid,PASS
S11-01,11,Entropy Playground,Slider that distorts text in real-time,5,3,5,2,5,5,1,39.15,Strong Win,PASS
S11-02,11,Glitch Button,Press to trigger random entropy spikes,5,3,4,2,5,5,1,35.25,Strong Win,PASS
S11-03,11,Density ASCII Art,Type text see it as density field,5,4,4,3,5,5,1,39.24,Strong Win,PASS
S11-04,11,Breath Sync,All agents pulse in unison relaxing,5,3,4,2,5,5,1,35.25,Strong Win,PASS
S11-05,11,LOD Slider,Drag between ORBIT/SURFACE/INTERNAL smoothly,4,4,5,3,5,5,1,41.00,Crown Jewel,PASS
S11-06,11,Phase Transition,Watch agent materialize/dematerialize,5,3,4,2,5,5,1,35.25,Strong Win,PASS
S11-07,11,Sparkline Generator,Paste numbers get instant sparkline,4,4,4,4,5,5,1,39.39,Strong Win,PASS
S11-08,11,Whats My Entropy,One-liner entropy report,3,4,4,4,4,5,1,33.01,Strong Win,PASS
S11-09,11,Oblique Flash,High entropy triggers Oblique Strategy,5,4,5,2,5,5,1,41.00,Crown Jewel,PASS
S11-10,11,Agent Weather Report,K-gent: ‚ñì‚ñì‚ñì Active slight glitch,4,4,4,4,5,5,1,39.39,Strong Win,PASS
S11-11,11,Cognitive Tree Animator,Watch branches grow live,5,4,4,2,5,5,2,29.27,Strong Win,PASS
S11-12,11,Shadow Gallery,All rejected paths in one view,5,4,5,2,5,5,2,35.48,Strong Win,PASS
S11-13,11,Agent Constellation,GraphLayout as star field,5,3,4,1,5,5,2,27.54,Strong Win,PASS
S11-14,11,Density Mandala,Circular arrangement of density fields,5,3,5,1,5,5,2,32.73,Strong Win,PASS
S11-15,11,Temperature Lab,Multiple sliders interconnected effects,5,4,4,2,5,5,2,29.27,Strong Win,PASS
S11-16,11,Timeline Scrubber,Drag through history watch density change,5,4,5,2,5,5,2,35.48,Strong Win,PASS
S11-17,11,Entropy Heatmap,Grid showing uncertainty hotspots,4,4,4,3,5,5,2,30.78,Strong Win,PASS
S11-18,11,Triad Symphony,XYZ health as audio waveforms,5,3,4,1,5,5,2,25.80,Strong Win,PASS
S11-19,11,Event Stream Waterfall,Events cascading down,4,4,4,2,5,5,2,27.54,Strong Win,PASS
S11-20,11,FluxScreen Replay,Record and playback system activity,4,5,4,3,5,5,2,34.06,Strong Win,PASS
S11-21,11,Glitch Poetry,Generate corrupted text as art,5,3,5,2,5,5,2,32.73,Strong Win,PASS
S11-22,11,Density Field Editor,Paint agents with brush,5,4,4,2,5,5,3,26.52,Strong Win,PASS
S11-23,11,Loom Navigator,Keyboard-driven tree exploration,5,4,5,2,5,5,2,35.48,Strong Win,PASS
S11-24,11,Why Did You Choose,Click branch see reasoning,5,4,5,2,4,5,2,32.65,Strong Win,PASS
S11-25,11,Agent Garden,Drag agents watch connections update,5,4,4,2,5,5,3,26.52,Strong Win,PASS
S11-26,11,Stigmergic Trails,Visualize pheromone paths,5,4,4,2,5,5,3,26.52,Strong Win,PASS
S11-27,11,Hint Inspector,See all hints an agent is emitting,4,4,4,3,4,5,2,29.05,Strong Win,PASS
S11-28,11,LOD Comparison,Split screen showing all 3 levels,4,4,4,3,5,5,2,30.78,Strong Win,PASS
S11-29,11,Entropy Race,Two agents who glitches first?,5,3,4,2,5,5,2,27.54,Strong Win,PASS
S11-30,11,Breath Meditation,Full-screen breathing visualization,5,2,4,1,5,5,2,25.32,Strong Win,PASS
S11-31,11,kg viz,Launch FluxScreen demo,4,4,5,3,5,5,1,41.00,Crown Jewel,PASS
S11-32,11,kg density,Render text as density field,5,4,4,4,5,5,1,39.24,Strong Win,PASS
S11-33,11,kg sparkline,Generate sparkline from numbers,4,4,4,5,5,5,1,42.58,Crown Jewel,PASS
S11-34,11,kg entropy,Show current system entropy,3,4,4,4,4,5,1,33.01,Strong Win,PASS
S11-35,11,kg glitch,Corrupt text with Zalgo,5,3,5,3,5,5,1,41.00,Crown Jewel,PASS
S11-36,11,kg weather,Agent activity summary,4,4,4,5,5,5,1,42.58,Crown Jewel,PASS
S11-37,11,kg loom,Show cognitive tree,4,4,5,3,4,5,1,38.73,Strong Win,PASS
S11-38,11,kg shadow,Show rejected paths,5,4,5,3,4,5,1,39.73,Strong Win,PASS
S11-39,11,kg hint,What hints is agent emitting?,3,4,4,4,4,5,1,33.01,Strong Win,PASS
S11-40,11,kg breathe,Start breath sync animation,5,3,5,2,5,5,1,39.15,Strong Win,PASS
S11-41,11,Wire Tap Overlay,See all messages flowing,4,4,4,2,5,5,2,27.54,Strong Win,PASS
S11-42,11,Pheromone Trails,Stigmergic field heatmap,5,4,4,2,5,5,2,29.27,Strong Win,PASS
S11-43,11,Connection Animator,Watch flows between agents,5,4,4,2,5,5,2,29.27,Strong Win,PASS
S11-44,11,Broadcast Radar,Pulse when broadcasts happen,4,3,4,2,5,5,2,25.80,Strong Win,PASS
S11-45,11,Error Flash,Screen glitches on errors,5,4,5,3,5,5,1,41.00,Crown Jewel,PASS
S11-46,11,Throughput Gauge,Real-time message rate,4,4,4,3,5,5,2,30.78,Strong Win,PASS
S11-47,11,Dead Letter Queue,Visualize failed messages,4,4,4,3,4,5,2,29.05,Strong Win,PASS
S11-48,11,Circuit Breaker Status,Show open/closed/half-open,3,5,4,4,4,5,2,33.85,Strong Win,PASS
S11-49,11,Synapse Visualizer,Neural-style event flow,5,4,5,2,5,5,3,30.27,Strong Win,PASS
S11-50,11,Flux Pipeline Diagram,Live pipeline visualization,5,5,4,2,5,5,3,28.00,Strong Win,PASS
S11-51,11,Agent Aurora,Density fields as northern lights,5,3,5,1,5,5,2,30.98,Strong Win,PASS
S11-52,11,Entropy Ocean,Waves of uncertainty,5,3,5,1,5,5,2,30.98,Strong Win,PASS
S11-53,11,Cognitive Terrarium,Watch agents evolve,5,4,5,2,5,5,3,30.27,Strong Win,PASS
S11-54,11,Time Crystal,Crystallize moments as geometry,5,3,5,1,5,5,3,25.93,Strong Win,PASS
S11-55,11,Void Meditation,Stare into the glitch,5,2,5,1,5,5,1,35.48,Strong Win,PASS
S11-56,11,Agent Haiku,Generate poetry from state,5,3,5,2,5,5,2,32.73,Strong Win,PASS
S11-57,11,Density Rain,Characters falling like Matrix,5,3,4,1,5,5,2,25.80,Strong Win,PASS
S11-58,11,The Shadow Speaks,Rejected paths narrate,5,4,5,2,4,5,2,32.65,Strong Win,PASS
S11-59,11,Glitch Screensaver,High entropy as ambient art,5,3,5,1,5,5,2,30.98,Strong Win,PASS
S11-60,11,Breath Garden,Agents breathe at different rates,5,3,4,1,5,5,2,25.80,Strong Win,PASS
S12-01,12,kgents parse,Parse anything with confidence levels,4,5,5,4,5,5,2,41.79,Crown Jewel,PASS
S12-02,12,kgents reality,JIT reality check for agent outputs,4,5,5,4,5,5,2,41.79,Crown Jewel,PASS
S12-03,12,kgents execute,Safe tool execution with guards,4,5,4,4,5,5,2,38.16,Strong Win,PASS
S12-04,12,kgents stable,Is this pipeline stable?,3,5,4,5,4,5,2,37.64,Strong Win,PASS
S12-05,12,U-gent Tool Gallery,Interactive MCP tool browser,4,4,4,3,5,5,2,30.78,Strong Win,PASS
S12-06,12,Permission Visualizer,Show what agents can/cannot do,4,5,4,3,5,5,2,34.06,Strong Win,PASS
S12-07,12,Tool Composition Graph,Visualize which tools compose,4,5,4,2,5,5,3,28.00,Strong Win,PASS
S12-08,12,Capability Inspector,What can this agent do?,3,4,4,4,4,5,1,33.01,Strong Win,PASS
S12-09,12,Tool Usage Analytics,Most used tools over time,3,4,3,3,4,5,2,23.95,Solid,PASS
S12-10,12,Sandbox Playground,Safe execution environment demo,5,4,4,2,5,5,3,26.52,Strong Win,PASS
S12-11,12,MCP Server Browser,Discover available tool servers,4,4,4,3,5,5,2,30.78,Strong Win,PASS
S12-12,12,Tool Contract Viewer,Show tool input/output contracts,3,5,4,3,4,5,2,30.58,Strong Win,PASS
S12-13,12,P-gent Confidence Viz,Color-coded parse confidence,4,4,5,3,5,5,2,35.58,Strong Win,PASS
S12-14,12,Multi-Grammar Parser,Try multiple grammars in parallel,5,5,4,3,4,5,3,28.55,Strong Win,PASS
S12-15,12,Parse Tree Inspector,Interactive AST visualization,4,4,4,2,5,5,3,24.61,Solid,PASS
S12-16,12,Ambiguity Resolver,Show when parsing is ambiguous,4,5,4,3,4,5,2,32.32,Strong Win,PASS
S12-17,12,Parse Recovery Demo,Watch graceful degradation,5,4,5,2,5,5,2,35.48,Strong Win,PASS
S12-18,12,Grammar Coverage Map,Which grammars cover which inputs?,4,5,4,3,4,5,2,32.32,Strong Win,PASS
S12-19,12,Parse Diff,Compare parses across grammars,4,4,4,3,5,5,2,30.78,Strong Win,PASS
S12-20,12,Superposition Viewer,See all valid parses simultaneously,5,5,4,2,5,5,3,28.00,Strong Win,PASS
S12-21,12,J-gent Reality Check,Validate agent outputs in real-time,4,5,5,4,5,5,2,41.79,Crown Jewel,PASS
S12-22,12,JIT Compilation Viz,Watch agent compilation in real-time,5,4,4,2,5,5,3,26.52,Strong Win,PASS
S12-23,12,Dynamic Reasoning Graph,Interactive reasoning topology,5,5,5,2,5,5,4,28.17,Strong Win,PASS
S12-24,12,Stability Analyzer,Pipeline stability analysis,4,5,4,3,4,5,3,28.55,Strong Win,PASS
S12-25,12,Memoization Explorer,What is cached and why?,3,4,4,3,4,5,2,27.32,Strong Win,PASS
S12-26,12,Reasoning Trace Viewer,Step through JIT decisions,4,4,4,3,5,5,3,26.95,Strong Win,PASS
S12-27,12,Chaosmonger Report,AST stability analysis,4,4,4,3,4,5,3,26.52,Strong Win,PASS
S12-28,12,Runtime Graph Editor,Modify reasoning graph live,5,4,5,2,5,5,4,25.06,Strong Win,PASS
S13-01,13,kgents observe,Start O-gent observation dashboard,4,5,4,4,5,5,2,38.16,Strong Win,PASS
S13-02,13,kgents panopticon,See all dimensions at once,5,5,5,3,5,5,2,40.05,Crown Jewel,PASS
S13-03,13,kgents drift,Detect value drift over time,4,5,4,4,4,5,2,35.90,Strong Win,PASS
S13-04,13,X-Dimension Dashboard,Telemetry and metrics view,4,4,4,3,5,5,2,30.78,Strong Win,PASS
S13-05,13,Y-Dimension Dashboard,Semantic observation view,4,5,4,3,5,5,2,34.06,Strong Win,PASS
S13-06,13,Z-Dimension Dashboard,Axiological integrity view,4,5,5,3,5,5,2,38.31,Strong Win,PASS
S13-07,13,Triad Health Monitor,XYZ combined health status,4,5,4,4,5,5,2,38.16,Strong Win,PASS
S13-08,13,Observation Cost Optimizer,Minimize observation overhead,3,5,4,4,3,5,2,31.32,Strong Win,PASS
S13-09,13,Value Drift Alarm,Alert when values shift,4,5,4,4,4,5,2,35.90,Strong Win,PASS
S13-10,13,Semantic Shift Detector,Track meaning changes,4,5,4,3,4,5,3,28.55,Strong Win,PASS
S13-11,13,VoI Calculator,Value of Information for observations,3,5,4,4,3,5,2,31.32,Strong Win,PASS
S13-12,13,Adaptive Observation,Smart observation scheduling,4,5,4,3,3,5,3,27.04,Strong Win,PASS
S13-13,13,O-gent Integration Hub,Central observation control,4,5,4,3,4,5,3,28.55,Strong Win,PASS
S13-14,13,Dimension Correlation,How do X Y Z relate?,4,5,4,2,4,5,3,26.32,Strong Win,PASS
S13-15,13,Observation History,Full observation timeline,3,4,4,3,4,5,2,27.32,Strong Win,PASS
S14-01,14,Would Kent Approve?,K-gent style/quality check on any output,5,5,5,4,5,5,1,46.18,Crown Jewel,PASS
S14-02,14,N Parses in Superposition,Parse with multiple grammars simultaneously,5,5,5,3,5,5,2,40.05,Crown Jewel,PASS
S14-03,14,Living Garden Visualization,Memory as growing garden,5,5,5,2,5,5,2,37.22,Strong Win,PASS
S14-04,14,Hypothesis-Driven Tests,Auto-generate tests from hypotheses,5,5,5,3,5,5,2,40.05,Crown Jewel,PASS
S14-05,14,Metaphor Memory Search,Search memory with metaphors,5,5,5,3,5,5,2,40.05,Crown Jewel,PASS
S14-06,14,Style-Aligned Refinement,R-gent optimizes for K-gent style,5,5,5,3,5,5,2,40.05,Crown Jewel,PASS
S14-07,14,K √ó T Soul Testing,Test K-gent personality consistency,5,5,4,3,4,5,2,32.32,Strong Win,PASS
S14-08,14,K √ó H Dialectic Dialog,K-gent debates with H-gent,5,4,5,2,5,5,2,35.48,Strong Win,PASS
S14-09,14,K √ó Œ® Metaphor Mode,K-gent speaks in metaphors,5,4,5,2,5,5,2,35.48,Strong Win,PASS
S14-10,14,K √ó N Personal Chronicle,K-gents story told by N-gent,5,4,5,2,5,5,2,35.48,Strong Win,PASS
S14-11,14,K √ó B Value Economics,K-gent has token budget,4,5,4,3,4,5,2,32.32,Strong Win,PASS
S14-12,14,H √ó V Thesis Validation,Validate dialectic synthesis,4,5,5,3,5,5,2,38.31,Strong Win,PASS
S14-13,14,H √ó R Refine Thesis,Optimize dialectic prompts,4,5,4,3,4,5,2,32.32,Strong Win,PASS
S14-14,14,H √ó E Evolving Arguments,Arguments evolve over time,5,5,4,2,4,5,3,26.32,Strong Win,PASS
S14-15,14,Œ® √ó I Metaphor Visualization,Render metaphors visually,5,4,5,2,5,5,2,35.48,Strong Win,PASS
S14-16,14,Œ® √ó N Poetic History,Chronicle told as poetry,5,4,5,2,5,5,2,35.48,Strong Win,PASS
S14-17,14,Œ® √ó G Grammar of Metaphors,Formal grammar for metaphors,5,5,5,2,5,5,3,32.84,Strong Win,PASS
S14-18,14,B √ó E Cost-Aware Evolution,Only evolve when budget allows,4,5,4,3,4,5,2,32.32,Strong Win,PASS
S14-19,14,B √ó R ROI Optimization,Optimize for value not just quality,4,5,4,4,4,5,2,35.90,Strong Win,PASS
S14-20,14,B √ó Œ© Morphology Economics,Pay tokens for infrastructure,4,5,4,3,4,5,2,32.32,Strong Win,PASS
S14-21,14,M √ó N Memory Stories,Tell the story of a memory,5,4,5,2,5,5,2,35.48,Strong Win,PASS
S14-22,14,M √ó Œ® Memory Metaphors,Memories as metaphors,5,4,5,2,5,5,2,35.48,Strong Win,PASS
S14-23,14,M √ó L Memory Registry,Index memories in registry,4,5,4,3,4,5,2,32.32,Strong Win,PASS
S14-24,14,D √ó L State Registry,Index D-gent states,4,5,4,3,4,5,2,32.32,Strong Win,PASS
S14-25,14,D √ó M Unified Memory,D-gent + M-gent integration,4,5,4,3,4,5,3,28.55,Strong Win,PASS
S14-26,14,T √ó E Test-Driven Evolution,Evolution guided by tests,4,5,5,3,5,5,2,38.31,Strong Win,PASS
S14-27,14,T √ó R Test-Driven Refinement,Optimize using test signals,4,5,4,3,4,5,2,32.32,Strong Win,PASS
S14-28,14,V √ó R Validated Refinement,Only accept approved refinements,4,5,4,3,4,5,2,32.32,Strong Win,PASS
S14-29,14,V √ó E Validated Evolution,Only accept approved mutations,4,5,5,3,5,5,2,38.31,Strong Win,PASS
S14-30,14,N √ó T Trace Testing,Test based on traces,4,5,4,3,4,5,2,32.32,Strong Win,PASS
S14-31,14,N √ó V Chronicle Validation,Validate narrative consistency,4,5,4,3,4,5,2,32.32,Strong Win,PASS
S14-32,14,I √ó Flux Live Dashboard,Flux visualization in real-time,5,5,4,3,5,5,3,30.04,Strong Win,PASS
S14-33,14,I √ó O Observation Overlay,O-gent data in I-gent views,4,5,4,3,5,5,2,34.06,Strong Win,PASS
S14-34,14,I √ó M Memory Visualization,Visualize memory space,5,5,4,3,5,5,2,34.06,Strong Win,PASS
S14-35,14,Œ© √ó Y Chrysalis Topology,Topology-aware morphology,4,5,4,2,4,5,4,23.17,Solid,PASS
S14-36,14,Œ© √ó B Metabolic Morphology,Budget-aware infrastructure,4,5,4,3,4,5,3,28.55,Strong Win,PASS
S14-37,14,Y √ó E Population Evolution,Evolve agent populations,5,5,4,2,4,5,4,24.49,Solid,PASS
S14-38,14,Y √ó T Topology Testing,Test branch/merge operations,4,5,4,3,4,5,3,28.55,Strong Win,PASS
S14-39,14,K √ó H √ó V Dialectic Soul,K-gent + H-gent + V-gent trio,5,5,5,2,5,5,3,32.84,Strong Win,PASS
S14-40,14,B √ó T √ó E Budget-Tested Evolution,Full budget/test/evolve loop,4,5,5,3,4,5,4,27.83,Strong Win,PASS
S14-41,14,M √ó N √ó I Memory Story Viz,Memory + Narrative + Visualization,5,5,5,2,5,5,3,32.84,Strong Win,PASS
S14-42,14,Œ® √ó G √ó F Metaphor Forge,Create new metaphor grammars,5,5,5,2,5,5,4,28.17,Strong Win,PASS
S14-43,14,R √ó T √ó V Validated Refinement,Full refinement validation loop,4,5,5,3,4,5,3,32.00,Strong Win,PASS
S14-44,14,Œ© √ó Y √ó B Morphology Budget Topology,Infrastructure + Budget + Topology,4,5,4,2,4,5,5,21.75,Solid,PASS
S14-45,14,P √ó J √ó U Parse-JIT-Execute,Full parsing to execution,4,5,5,4,4,5,3,33.92,Strong Win,PASS
S14-46,14,O √ó B √ó I Observation Economics Viz,Observe + Budget + Visualize,4,5,4,3,5,5,3,30.04,Strong Win,PASS
S14-47,14,K √ó M √ó Œ® Soul Memory Metaphor,Personal memory with metaphors,5,5,5,2,5,5,3,32.84,Strong Win,PASS
S14-48,14,H √ó E √ó T Dialectic Test Evolution,Dialectic + Testing + Evolution,4,5,5,2,4,5,4,25.48,Strong Win,PASS
S14-49,14,G √ó F √ó L Grammar Forge Registry,Full grammar lifecycle,4,5,5,3,4,5,4,27.83,Strong Win,PASS
S14-50,14,N √ó M √ó D Chronicle Memory State,Full trace-memory-state integration,4,5,5,2,4,5,4,25.48,Strong Win,PASS
S14-51,14,kg all,Show everything at once,5,5,4,4,5,5,2,38.16,Strong Win,PASS
S14-52,14,kg soul+,Enhanced soul interface,5,5,5,3,5,5,2,40.05,Crown Jewel,PASS
S14-53,14,kg demo,Interactive demo mode,5,4,5,3,5,5,2,38.31,Strong Win,PASS
S14-54,14,kg compose,Compose multiple agents,4,5,5,3,4,5,2,35.58,Strong Win,PASS
S14-55,14,kg cross,Cross-pollination suggestions,4,5,4,4,4,5,2,35.90,Strong Win,PASS
S14-56,14,kg trinity,Run H√óV√óK triad,5,5,5,3,5,5,2,40.05,Crown Jewel,PASS
S14-57,14,kg metamorphosis,Full Œ©√óY√óB transformation,4,5,5,2,5,5,3,30.27,Strong Win,PASS
S14-58,14,kg fullstack,Run complete pipeline,4,5,4,3,5,5,3,30.04,Strong Win,PASS
S14-59,14,kg observatory,Full O-gent dashboard,4,5,4,3,5,5,2,34.06,Strong Win,PASS
S14-60,14,kg theater,Multi-agent orchestration,5,5,5,2,5,5,3,32.84,Strong Win,PASS
S14-61,14,kg symposium,Multi-agent discussion,5,5,5,2,5,5,3,32.84,Strong Win,PASS
S14-62,14,kg garden,Full memory garden,5,5,5,3,5,5,2,40.05,Crown Jewel,PASS
S15-01,15,60-Second Tour Script,Quick demo of all agents,5,4,5,3,5,5,2,38.31,Strong Win,PASS
S15-02,15,5-Minute Deep Dive,Detailed tour of key features,5,4,5,2,5,5,3,30.27,Strong Win,PASS
S15-03,15,Investor Demo,Business-focused presentation,4,4,4,3,5,5,2,30.78,Strong Win,PASS
S15-04,15,Technical Deep Dive,Engineering-focused presentation,4,5,4,3,5,5,3,30.04,Strong Win,PASS
S15-05,15,Philosophy Tour,Conceptual foundations tour,5,4,5,2,5,5,2,35.48,Strong Win,PASS
S15-06,15,DevX Tour,Developer experience tour,4,4,4,3,5,5,2,30.78,Strong Win,PASS
S15-07,15,Art Tour,Visual/aesthetic tour,5,3,5,2,5,5,2,32.73,Strong Win,PASS
S15-08,15,Soul Mode Demo,K-gent personality showcase,5,4,5,3,5,5,2,38.31,Strong Win,PASS
S15-09,15,Weather Mode Demo,Density field showcase,5,4,5,3,5,5,2,38.31,Strong Win,PASS
S15-10,15,Dialectic Mode Demo,H-gent thinking showcase,5,4,5,2,5,5,2,35.48,Strong Win,PASS
S15-11,15,Evolution Mode Demo,E-gent mutation showcase,5,4,4,2,5,5,3,26.52,Strong Win,PASS
S15-12,15,Memory Mode Demo,M-gent hologram showcase,5,4,5,2,5,5,2,35.48,Strong Win,PASS
S15-13,15,Forge Mode Demo,F-gent creation showcase,4,4,5,2,5,5,2,32.65,Strong Win,PASS
S15-14,15,Safety Mode Demo,G-gent grammar showcase,5,5,5,3,5,5,2,40.05,Crown Jewel,PASS
S15-15,15,Testing Mode Demo,T-gent chaos showcase,5,4,4,2,5,5,2,29.27,Strong Win,PASS
S15-16,15,Infrastructure Mode Demo,Œ©-gent morphology showcase,4,4,5,2,5,5,3,27.27,Strong Win,PASS
S15-17,15,Budget Mode Demo,B-gent economics showcase,4,4,4,3,5,5,2,30.78,Strong Win,PASS
S15-18,15,Observation Mode Demo,O-gent panopticon showcase,4,5,4,3,5,5,2,34.06,Strong Win,PASS
S15-19,15,Story Mode Demo,N-gent narrative showcase,5,4,5,2,5,5,2,35.48,Strong Win,PASS
S15-20,15,One-Liner Party Trick,Instant wow moment,5,3,5,4,5,5,1,45.53,Crown Jewel,PASS
S15-21,15,Glitch Party Trick,Entropy visualization wow,5,3,5,3,5,5,1,41.00,Crown Jewel,PASS
S15-22,15,Soul Party Trick,K-gent personality wow,5,4,5,3,5,5,1,41.00,Crown Jewel,PASS
S15-23,15,Safety Party Trick,Grammar cage wow,5,5,5,4,5,5,1,48.39,Crown Jewel,PASS
S15-24,15,Weather Party Trick,Density field wow,5,4,5,3,5,5,1,41.00,Crown Jewel,PASS
S15-25,15,Agents are weather not boxes,Core philosophy tagline,5,4,5,4,5,5,1,44.08,Crown Jewel,PASS
S15-26,15,Where noun lies rate of change,Philosophy tagline,5,4,5,4,4,5,1,41.81,Crown Jewel,PASS
S15-27,15,Composition is the only game,Category theory tagline,5,5,5,4,5,5,1,48.39,Crown Jewel,PASS
S15-28,15,Tasteful curated ethical joy,Core values tagline,5,4,5,5,5,5,1,47.28,Crown Jewel,PASS
S15-29,15,Kent in a box,K-gent tagline,5,4,5,4,5,5,1,44.08,Crown Jewel,PASS
