idea_name,source_session,joy,composability,taste,compression,showable,ethical,complexity,k_score,category,ethical_gate,notes
# Session 01: Bootstrap Playground
Identity Law Visualizer TUI,session-01,4,5,5,4,5,5,2,33.38,Strong Win,PASS,Animated TUI showing Id laws
kgents id-bench,session-01,3,4,4,3,4,5,1,23.15,Solid,PASS,Measures Id overhead
Identity Crisis Detector,session-01,5,3,4,3,4,5,2,21.56,Solid,PASS,Finds agents that claim Id but aren't
kgents whoami,session-01,4,4,5,4,5,5,2,33.38,Strong Win,PASS,Agent/Ground introspection
Identity Playground REPL,session-01,5,5,5,4,5,5,3,26.41,Strong Win,PASS,Interactive identity law testing
Id Art Generator,session-01,5,3,4,2,5,5,2,21.00,Solid,PASS,ASCII art of Id doing nothing
Identity as a Service,session-01,5,3,4,3,4,5,1,26.38,Strong Win,PASS,HTTP endpoint returns input unchanged
Zero-Knowledge Id Proof,session-01,5,2,3,2,3,5,3,9.87,Consider,PASS,Cryptographic Id proof
kgents id-golf,session-01,4,3,4,2,3,5,1,17.92,Solid,PASS,Smallest Id implementation
Identity Meditation Timer,session-01,3,2,3,2,2,5,1,11.29,Consider,PASS,Time passing through Id unchanged
Pipeline Builder TUI,session-01,5,5,5,4,5,5,3,28.39,Strong Win,PASS,Drag-and-drop composition
kgents compose-wizard,session-01,4,5,5,4,5,5,2,35.36,Strong Win,PASS,Interactive composition wizard
Composition Depth Analyzer,session-01,3,5,4,3,4,5,1,27.29,Strong Win,PASS,Shows nesting depth
Associativity Prover,session-01,4,5,5,4,5,5,2,35.36,Strong Win,PASS,Animated proof of associativity
Pipe Dreams,session-01,4,5,5,4,4,5,2,32.33,Strong Win,PASS,Save/load pipelines
Composition Hot-Reload,session-01,4,4,4,3,4,5,3,16.40,Solid,PASS,Edit pipeline while running
kgents >> shell operator,session-01,5,5,5,5,5,5,2,41.17,Crown Jewel,PASS,Unix philosophy for agents
Composition Graph Visualizer,session-01,4,5,5,4,5,5,3,26.41,Strong Win,PASS,Graphviz-style pipeline viz
Type-Safe Composition Checker,session-01,3,5,4,4,3,5,2,23.82,Solid,PASS,Prevent bad compositions
Composition Chaos Monkey,session-01,5,5,4,3,4,5,2,27.09,Strong Win,PASS,Random Id insertion test
Parallel Composition Operator,session-01,4,5,4,4,4,5,3,19.92,Solid,PASS,Fan-out composition
Composition DSL,session-01,4,5,5,4,5,5,3,26.41,Strong Win,PASS,Flowfiles enhancement
Live Judgment Dashboard,session-01,5,4,5,4,5,5,3,25.49,Strong Win,PASS,Real-time principle eval
kgents judge CLI,session-01,4,4,5,4,5,5,2,31.91,Strong Win,PASS,Judge any agent
Principle Scoreboard,session-01,4,4,5,4,5,5,2,31.91,Strong Win,PASS,Track scores across codebase
Judge Explain Mode,session-01,4,4,5,4,4,5,2,29.21,Strong Win,PASS,Detailed judgment explanation
Taste Test Game,session-01,5,3,4,3,5,5,2,23.58,Solid,PASS,Which impl is more tasteful?
Judge vs User Consensus,session-01,4,3,4,3,4,5,3,13.41,Consider,PASS,Compare with human feedback
Principle Workshop,session-01,4,3,4,3,4,5,3,13.41,Consider,PASS,Interactive principle tutorial
Auto-Judge CI Hook,session-01,3,4,4,4,3,5,2,19.72,Solid,PASS,GitHub action judges PRs
Principle Violation Detector,session-01,3,4,4,4,4,5,2,21.18,Solid,PASS,Static analysis for violations
Custom Principle Builder,session-01,4,4,4,3,4,5,3,16.40,Solid,PASS,Define custom principles
Judgment History Explorer,session-01,4,3,4,3,4,5,2,18.79,Solid,PASS,Track judgment over time
kgents whoami Ground,session-01,4,4,5,4,5,5,1,42.56,Crown Jewel,PASS,Ground introspection
Ground Editor TUI,session-01,4,4,5,4,4,5,3,20.43,Solid,PASS,Interactive persona editor
Context Snapshot,session-01,3,4,4,4,4,5,2,21.18,Solid,PASS,Freeze ground state
Ground Diff Viewer,session-01,4,3,4,3,4,5,2,18.79,Solid,PASS,Show ground changes
Persona Playground,session-01,5,4,4,3,5,5,3,18.26,Solid,PASS,Try different personas
Ground Minimal Seed,session-01,3,4,4,4,3,5,2,19.72,Solid,PASS,Kolmogorov complexity of Ground
Ground-as-Code,session-01,4,4,5,4,4,5,2,29.21,Strong Win,PASS,Version-control persona
Ground Truth Validator,session-01,3,4,4,4,3,5,2,19.72,Solid,PASS,Ensure Ground consistency
Tension Detector TUI,session-01,5,4,5,4,5,5,3,25.49,Strong Win,PASS,Real-time tension viz
kgents contradict CLI,session-01,4,4,5,4,5,5,2,31.91,Strong Win,PASS,Find contradictions
Tension Heatmap,session-01,4,4,4,3,5,5,3,17.30,Solid,PASS,Where contradictions cluster
Contradiction Game,session-01,5,3,4,3,5,5,2,23.58,Solid,PASS,Spot the contradiction
Custom Tension Detector,session-01,4,4,4,3,4,5,3,16.40,Solid,PASS,Define detection rules
Temporal Contradiction Tracker,session-01,4,4,4,3,4,5,3,16.40,Solid,PASS,Past vs Present me
Contradiction REPL,session-01,4,4,4,3,4,5,2,20.49,Solid,PASS,Interactive exploration
Tension Severity Slider,session-01,3,3,4,3,3,5,2,14.62,Consider,PASS,Adjust detection sensitivity
LacanError Explorer,session-01,5,3,4,3,4,5,2,21.56,Solid,PASS,What system cannot symbolize
Synthesis Wizard,session-01,5,4,5,4,5,5,3,25.49,Strong Win,PASS,Interactive synthesis
kgents sublate CLI,session-01,4,4,5,4,5,5,2,31.91,Strong Win,PASS,Resolve tensions from CLI
Hold-Tension Tracker,session-01,4,4,5,4,4,5,2,29.21,Strong Win,PASS,Track held tensions
Synthesis Quality Scorer,session-01,3,4,4,3,3,5,2,17.82,Solid,PASS,Rate synthesis quality
Dialectic Animator,session-01,5,4,4,3,5,5,3,18.26,Solid,PASS,Animated Hegelian dialectic
Premature Resolution Detector,session-01,4,4,5,4,4,5,2,29.21,Strong Win,PASS,Catch early synthesis
Custom Resolution Strategy,session-01,4,4,4,3,4,5,3,16.40,Solid,PASS,Domain-specific synthesis
Synthesis History Explorer,session-01,4,3,4,3,4,5,2,18.79,Solid,PASS,Track resolutions over time
Convergence Animator,session-01,5,4,5,4,5,5,2,34.00,Strong Win,PASS,Watch values converge
Fix Playground REPL,session-01,5,5,5,4,5,5,2,38.27,Strong Win,PASS,Interactive fixed-point
kgents poll CLI,session-01,4,4,5,4,4,5,2,29.21,Strong Win,PASS,Polling pattern
Entropy Budget Visualizer,session-01,4,4,5,4,5,5,2,31.91,Strong Win,PASS,Show entropy depletion
Fix History Viewer,session-01,4,4,4,3,4,5,2,20.49,Solid,PASS,Explore iteration history
Bounded History Demo,session-01,3,3,4,3,3,5,2,14.62,Consider,PASS,Memory savings demo
Convergence Racer,session-01,5,4,4,3,5,5,3,18.26,Solid,PASS,Race different transforms
kgents retry with Fix,session-01,4,4,5,4,4,5,2,29.21,Strong Win,PASS,Retry flaky commands
Non-Convergence Debugger,session-01,4,4,4,3,4,5,3,16.40,Solid,PASS,Debug why Fix didn't converge
Proximity Graph,session-01,4,4,4,3,5,5,2,21.95,Solid,PASS,Visualize proximity to fixed point
Adaptive Convergence Tuner,session-01,4,4,4,4,4,5,3,17.41,Solid,PASS,Auto-adjust max_iterations
Musical Convergence,session-01,5,2,3,2,5,5,2,15.18,Solid,PASS,Play tones as values converge
Bootstrap + K-gent,session-01,5,5,5,4,5,5,3,28.39,Strong Win,PASS,All agents get personality
Bootstrap + I-gent,session-01,4,5,5,4,5,5,3,26.41,Strong Win,PASS,Live law verification
Bootstrap + N-gent,session-01,4,4,4,3,4,5,3,16.40,Solid,PASS,Narrative bootstrapping
Bootstrap + Flux,session-01,4,4,4,4,4,5,3,17.41,Solid,PASS,Streaming judgments
Bootstrap + T-gent,session-01,4,5,5,4,4,5,2,32.33,Strong Win,PASS,Law-based testing
Bootstrap + H-gent,session-01,5,4,4,3,4,5,3,17.30,Solid,PASS,Meta-dialectic
Bootstrap + C-gent,session-01,4,5,5,4,4,5,2,32.33,Strong Win,PASS,Functor verification
# Session 02: Archetypes in Action
kgents whatif,session-02,5,4,5,4,5,5,1,45.33,Crown Jewel,PASS,Show 3 alternatives instantly
kgents why,session-02,5,4,4,3,4,5,1,31.00,Strong Win,PASS,Recursive why until bedrock
kgents tension,session-02,4,4,5,4,5,5,1,42.56,Crown Jewel,PASS,List unresolved tensions
kgents challenge,session-02,5,4,4,3,5,5,1,33.00,Strong Win,PASS,Devil's advocate mode
Child Mode,session-02,5,3,4,2,5,5,1,26.67,Strong Win,PASS,Why Why WHY until break
Dynamic Prompt Character,session-02,5,3,4,2,5,5,1,26.67,Strong Win,PASS,Prompt character breathes
Collapse Ceremony,session-02,5,3,4,2,5,5,1,26.67,Strong Win,PASS,Dramatic wave collapse
What Do I Look Like,session-02,5,3,4,2,5,5,1,26.67,Strong Win,PASS,Agent describes its form
kgents sleep,session-02,4,4,5,4,4,5,2,29.21,Strong Win,PASS,Trigger consolidation
kgents sleep --watch,session-02,5,4,4,3,5,5,2,25.60,Strong Win,PASS,Watch consolidation live
kgents sleep-debt,session-02,4,3,4,3,4,5,2,18.79,Solid,PASS,Time since last sleep
kgents dream,session-02,5,3,4,2,5,5,2,21.00,Solid,PASS,Poetic consolidation
kgents sleep-log,session-02,4,3,4,3,4,5,2,18.79,Solid,PASS,History of sleep cycles
Before/After Sleep Diff,session-02,5,4,4,3,5,5,2,25.60,Strong Win,PASS,Show compression visually
Consolidation Progress Bar,session-02,5,3,3,2,5,5,2,18.98,Solid,PASS,Live progress
Sleep Debt Meter Widget,session-02,4,4,4,3,4,5,2,20.49,Solid,PASS,Gamified sleep tracking
Hypnagogia Visualizer,session-02,5,3,3,2,4,5,3,12.47,Consider,PASS,Liminal space viz
Sleep Schedule,session-02,3,4,4,4,3,5,3,14.96,Consider,PASS,Auto-consolidation triggers
Lucid Consolidation,session-02,4,3,4,3,4,5,3,13.41,Consider,PASS,User-guided consolidation
Consolidation Battle,session-02,5,3,3,2,4,5,3,12.47,Consider,PASS,Strategy competition
kgents assume,session-02,4,4,4,3,4,5,2,20.49,Solid,PASS,Assumption excavator
kgents interview,session-02,4,4,4,3,4,5,2,20.49,Solid,PASS,Structured questioning
kgents contradict-me,session-02,4,4,4,3,4,5,2,20.49,Solid,PASS,Find flaws in argument
Question Quality Scorer,session-02,4,3,4,2,3,5,2,15.05,Solid,PASS,Meta-questioning
Socratic Mode Toggle,session-02,4,4,4,3,4,5,2,20.49,Solid,PASS,Any command as questions
Code Review Questioner,session-02,4,4,4,3,4,5,2,20.49,Solid,PASS,Only asks questions
Answer Your Own Question,session-02,5,3,4,3,4,5,2,21.56,Solid,PASS,Rubber duck elevated
Question Depth Tracker,session-02,4,3,4,3,4,5,2,18.79,Solid,PASS,Tree of why questions
Mood Glyph,session-02,4,3,4,2,4,5,1,20.31,Solid,PASS,Emotional state indicator
Phase Indicator,session-02,4,3,4,2,5,5,1,22.31,Solid,PASS,Work stage viz
Complexity-Adaptive Verbosity,session-02,4,4,4,3,4,5,2,20.49,Solid,PASS,Output adapts to task
Resource-Based Appearance,session-02,5,3,4,2,5,5,2,21.00,Solid,PASS,Visual reflects resources
Confidence Gradient,session-02,4,3,4,3,5,5,2,20.56,Solid,PASS,Visual confidence
Terminal Theme Shifter,session-02,5,2,4,2,5,5,2,17.80,Solid,PASS,Terminal colors shift
Shapeshifter Registry,session-02,4,3,4,3,4,5,3,13.41,Consider,PASS,Form catalog
Depth-Responsive Nesting,session-02,4,3,4,3,4,5,2,18.79,Solid,PASS,Visual adapts to depth
Shapeshifter Battle,session-02,5,2,3,2,4,5,3,10.23,Consider,PASS,Form competition
kgents spawn,session-02,4,4,4,3,4,5,2,20.49,Solid,PASS,Task decomposition
Entropy Budget Bar,session-02,4,4,4,3,5,5,1,29.48,Strong Win,PASS,Gamify recursion limits
kgents spawn --limit,session-02,3,4,4,3,4,5,1,23.88,Solid,PASS,Control depth
Why Did You Spawn,session-02,4,3,4,3,4,5,2,18.79,Solid,PASS,Justify spawn decisions
Parallel vs Serial Toggle,session-02,3,4,4,3,4,5,2,19.03,Solid,PASS,Execution strategy
Entropy Exhaustion Alert,session-02,4,4,4,3,4,5,1,26.59,Strong Win,PASS,Recursion budget depleted
Spawn Tree Visualizer,session-02,5,4,5,4,5,5,2,34.00,Strong Win,PASS,Recursive tree viz
Collapse Animation,session-02,5,3,4,2,5,5,2,21.00,Solid,PASS,Animate expand/collapse
Leaf Node Highlighter,session-02,4,3,4,3,4,5,2,18.79,Solid,PASS,Highlight where work happens
Aggregation Visualizer,session-02,5,4,4,3,5,5,2,25.60,Strong Win,PASS,How leaves aggregate up
Spawn History,session-02,4,3,4,3,4,5,2,18.79,Solid,PASS,Track spawn behavior
Spawner Race,session-02,5,3,3,2,4,5,3,12.47,Consider,PASS,Strategy competition
Superposition Display,session-02,5,4,4,3,5,5,2,25.60,Strong Win,PASS,All variations visible
Delayed Collapse Toggle,session-02,4,4,4,3,4,5,2,20.49,Solid,PASS,Control when collapse happens
Uncertainty Meter,session-02,3,4,4,3,4,5,1,23.88,Solid,PASS,Quantify uncertainty
What Did I Not Choose,session-02,5,3,4,3,5,5,2,23.58,Solid,PASS,Paths not taken
Branch Probability Weights,session-02,4,4,4,3,4,5,2,20.49,Solid,PASS,Weighted superposition
Parallel Universe Diff,session-02,5,3,4,3,5,5,2,23.58,Solid,PASS,Multiverse comparison
Variation Composer,session-02,5,3,4,3,4,5,3,15.40,Solid,PASS,Mix best parts
Explore All Mode,session-02,4,4,4,3,4,5,2,20.49,Solid,PASS,Never collapse
Schrodinger Demo,session-02,5,2,3,2,5,5,2,15.18,Solid,PASS,Quantum cat demo
Variation Breeding,session-02,5,3,3,2,4,5,3,12.47,Consider,PASS,Genetic algorithm
Quantum Branch Visualizer,session-02,5,4,4,3,5,5,2,25.60,Strong Win,PASS,Tree of possibilities
kgents witness,session-02,4,4,4,3,4,5,2,20.49,Solid,PASS,Insert observer
What Did You See,session-02,4,4,4,3,4,5,1,26.59,Strong Win,PASS,Witness summary
Time-Travel Debugger,session-02,5,4,5,4,5,5,3,25.49,Strong Win,PASS,Replay from witness point
Ghost Mode,session-02,5,3,4,2,5,5,2,21.00,Solid,PASS,Silent observer
Witness Insertion Points,session-02,4,4,4,3,4,5,2,20.49,Solid,PASS,Smart placement
Narrative Generation,session-02,5,3,4,3,5,5,2,23.58,Solid,PASS,Story from witness logs
Witness Diff,session-02,4,4,4,3,5,5,2,21.95,Solid,PASS,Before vs after
Witness Network,session-02,5,4,4,3,5,5,3,18.26,Solid,PASS,Observation graph
Selective Witness,session-02,3,4,4,3,3,5,2,17.82,Solid,PASS,Filter observations
Witness Audit Trail,session-02,3,4,4,3,4,5,2,19.03,Solid,PASS,Compliance-ready
Witness Poetry,session-02,5,2,4,2,5,5,2,17.80,Solid,PASS,Poetic narratives
Synthesize Now Button,session-02,4,4,4,3,4,5,1,26.59,Strong Win,PASS,Manual synthesis
Why Hold Tensions,session-02,3,4,4,3,3,5,1,21.67,Solid,PASS,Explain held tensions
Dialectic Chain,session-02,4,4,4,3,5,5,2,21.95,Solid,PASS,Recursive synthesis
Tension Age Tracker,session-02,4,3,4,3,4,5,2,18.79,Solid,PASS,How long held
Synthesis Suggester,session-02,4,4,4,3,4,5,2,20.49,Solid,PASS,AI proposals
Tension Queue Dashboard,session-02,4,4,4,3,5,5,2,21.95,Solid,PASS,Visual dashboard
Dialectic Replay,session-02,5,4,4,3,5,5,2,25.60,Strong Win,PASS,Watch synthesis
Tension Heatmap,session-02,4,3,4,3,5,5,2,20.56,Solid,PASS,Severity viz
Aufheben Explainer,session-02,4,4,4,3,4,5,2,20.49,Solid,PASS,Preserved/negated/elevated
Dialectician Battle,session-02,5,3,3,2,4,5,3,12.47,Consider,PASS,Synthesis competition
kgents introspect,session-02,5,4,5,4,5,5,2,34.00,Strong Win,PASS,Full three-lens analysis
Lens Selector flags,session-02,3,4,4,3,3,5,1,21.67,Solid,PASS,Choose your lens
Shadow Detector,session-02,5,4,5,4,5,5,2,34.00,Strong Win,PASS,What are we NOT seeing
Blind Spot Finder,session-02,5,4,5,4,5,5,2,34.00,Strong Win,PASS,What lenses miss
Meta-Synthesis Generator,session-02,5,4,4,3,4,5,2,23.58,Solid,PASS,Integrate all three
Three-Column View,session-02,4,4,4,3,5,5,2,21.95,Solid,PASS,Hegel Lacan Jung
Register Analysis Display,session-02,4,3,4,3,5,5,2,20.56,Solid,PASS,Symbolic/Imaginary/Real
Projection Detector,session-02,5,4,4,3,5,5,2,25.60,Strong Win,PASS,Catch projections
Collective Shadow,session-02,5,3,4,3,4,5,3,15.40,Solid,PASS,System-level shadow
Introspection History,session-02,4,3,4,3,4,5,2,18.79,Solid,PASS,Track over time
What's Unspeakable,session-02,5,3,4,3,5,5,2,23.58,Solid,PASS,Real proximity
# Session 04: H-gents Thinking
Contradiction Finder,session-04,4,4,4,3,4,5,2,20.49,Solid,PASS,Analyze codebase for tensions
Design Dialectic,session-04,5,4,4,3,5,5,2,25.60,Strong Win,PASS,Surface requirement tension
API Contradiction Scan,session-04,4,4,4,3,4,5,2,20.49,Solid,PASS,Find inconsistent interfaces
Synthesis Suggestion,session-04,4,4,4,3,4,5,3,16.40,Solid,PASS,Reconcile X and Y
Tension Dashboard,session-04,5,4,4,3,5,5,2,25.60,Strong Win,PASS,Live view of tensions
Dialectic REPL,session-04,5,4,4,3,5,5,2,25.60,Strong Win,PASS,Interactive synthesis
Sublation Explainer,session-04,3,4,5,4,4,5,1,35.39,Strong Win,PASS,Preserved/negated/elevated
Thesis Matcher,session-04,4,3,4,3,3,5,3,12.39,Consider,PASS,Find code pairs
Should I Synthesize,session-04,4,4,4,3,4,5,2,20.49,Solid,PASS,Detect premature synthesis
Continuous Monitor,session-04,3,4,4,4,3,5,2,19.72,Solid,PASS,Background dialectic watcher
Shadow Scanner,session-04,5,4,5,4,5,5,1,45.33,Crown Jewel,PASS,You claim X you shadow Y
Persona-Shadow Gap,session-04,5,4,4,3,5,5,2,25.60,Strong Win,PASS,Integration balance viz
Projection Detector H,session-04,5,4,4,3,5,5,2,25.60,Strong Win,PASS,Find projections onto users
Archetype Identifier,session-04,5,3,5,3,5,5,1,36.67,Strong Win,PASS,Wise Old Man energy
Integration Path Generator,session-04,4,4,4,3,4,5,2,20.49,Solid,PASS,How to integrate shadow
Collective Shadow Scan,session-04,4,4,4,3,4,5,2,20.49,Solid,PASS,System-level analysis
Shadow Confessional,session-04,5,3,5,3,5,5,1,36.67,Strong Win,PASS,Safe acknowledgment
What Can't You Say,session-04,5,4,5,4,5,5,1,45.33,Crown Jewel,PASS,Surface unspeakable
Trickster Mode,session-04,5,3,4,2,5,5,2,21.00,Solid,PASS,Shadow creativity
Self Archetype Warning,session-04,4,4,5,4,4,5,1,38.95,Strong Win,PASS,Detect inflation
Register Radar,session-04,5,4,4,3,5,5,2,25.60,Strong Win,PASS,RSI position in 3D
Slippage Detector,session-04,5,4,5,4,5,5,1,45.33,Crown Jewel,PASS,You claim facts but ideals
Gap Surfacer,session-04,5,4,5,4,5,5,1,45.33,Crown Jewel,PASS,What can't be represented
Imaginary Alert,session-04,4,4,5,4,5,5,1,42.56,Crown Jewel,PASS,Aspirational not factual
Real Proximity Meter,session-04,5,3,4,2,5,5,2,21.00,Solid,PASS,How close to impossible
Knot Status Monitor,session-04,4,4,4,3,4,5,2,20.49,Solid,PASS,Are registers knotted
Objet Petit A Finder,session-04,5,4,4,3,5,5,2,25.60,Strong Win,PASS,System organized around lacking
Symbolic Purifier,session-04,3,4,4,3,3,5,2,17.82,Solid,PASS,Remove imaginary fluff
Touch the Real,session-04,5,4,5,4,5,5,2,34.00,Strong Win,PASS,Force confrontation
Register Triangulator,session-04,5,4,4,3,5,5,3,18.26,Solid,PASS,All 3 perspectives
Metaphor Suggester,session-04,5,4,5,4,5,5,3,25.49,Strong Win,PASS,Try thinking as plumbing
Challenge Mode,session-04,5,4,4,3,5,5,2,25.60,Strong Win,PASS,Stress-test metaphor
Distortion Meter,session-04,4,4,4,3,4,5,2,20.49,Solid,PASS,How much lost in translation
Metaphor Mapper,session-04,5,4,4,3,5,5,3,18.26,Solid,PASS,Visualize mappings
Abstraction Slider,session-04,5,4,5,4,5,5,2,34.00,Strong Win,PASS,Concrete to Abstract
Projection Visualizer,session-04,5,4,4,3,5,5,3,18.26,Solid,PASS,Problem in metaphor space
Operation Executor,session-04,4,4,4,3,4,5,3,16.40,Solid,PASS,Run metaphor ops live
Translation Validator,session-04,4,4,4,3,4,5,2,20.49,Solid,PASS,Does solution map back
Metaphor Library,session-04,3,4,4,4,3,5,3,14.96,Consider,PASS,Catalog of metaphors
Quick Metaphor,session-04,4,4,4,3,4,5,2,20.49,Solid,PASS,One-shot metaphor
kg shadow CLI,session-04,5,4,5,4,5,5,1,45.33,Crown Jewel,PASS,CLI shadow analysis
kg dialectic CLI,session-04,5,4,5,4,5,5,1,45.33,Crown Jewel,PASS,Synthesize two concepts
kg mirror,session-04,5,4,5,4,5,5,1,45.33,Crown Jewel,PASS,Reflect on self-image
kg metaphor,session-04,5,4,5,4,5,5,2,34.00,Strong Win,PASS,Suggest metaphor
kg register,session-04,4,4,5,4,5,5,1,42.56,Crown Jewel,PASS,Show RSI position
kg project,session-04,5,4,5,4,5,5,1,45.33,Crown Jewel,PASS,What are you projecting
kg archetype,session-04,5,3,5,3,5,5,1,36.67,Strong Win,PASS,Identify archetype
kg contradict,session-04,4,4,5,4,4,5,1,38.95,Strong Win,PASS,Find antithesis
kg sublime,session-04,4,4,5,4,4,5,1,38.95,Strong Win,PASS,Explicit sublation
kg gaps,session-04,5,4,5,4,5,5,1,45.33,Crown Jewel,PASS,What can't be said
Meta-Introspection,session-04,5,4,5,4,5,5,3,25.49,Strong Win,PASS,All 3 H-gents + meta
Introspection REPL,session-04,5,4,5,4,5,5,3,25.49,Strong Win,PASS,Interactive H-gent
Who Am I Really,session-04,5,4,5,4,5,5,2,34.00,Strong Win,PASS,Full self-examination
Integration Dashboard,session-04,4,4,5,4,5,5,3,23.66,Solid,PASS,Track all 3 dimensions
Philosophical Debugger,session-04,5,4,5,4,5,5,4,20.52,Solid,PASS,Step through introspection
# Session 06: A-gents Creation
Oblique Strategies Agent,session-06,5,4,5,4,5,5,2,34.00,Strong Win,PASS,Brian Eno lateral thinking
PAYADOR Battle Mode,session-06,5,4,4,3,5,5,3,18.26,Solid,PASS,Two agents improvise
Constraint Poet,session-06,4,4,5,4,4,5,2,29.21,Strong Win,PASS,Generate productive constraints
Bisociation Engine,session-06,4,4,5,4,4,5,2,29.21,Strong Win,PASS,Koestler forced connections
Yes-And Pipeline,session-06,4,4,5,4,4,5,2,29.21,Strong Win,PASS,Chain creativity modes
Creative Warm-Up Generator,session-06,4,4,5,4,4,5,1,38.95,Strong Win,PASS,Daily exercises
Metaphor Mixer,session-06,5,4,5,4,5,5,2,34.00,Strong Win,PASS,Blend concept spaces
Anti-Pattern Provocateur,session-06,4,3,5,3,4,5,2,22.05,Solid,PASS,Suggest wrong approaches
Exquisite Corpus,session-06,5,3,4,3,4,5,3,15.40,Solid,PASS,Collaborative creativity
Genre Shifter,session-06,5,4,5,4,5,5,2,34.00,Strong Win,PASS,Reframe across genres
Reverse Brainstorm,session-06,4,4,5,4,4,5,1,38.95,Strong Win,PASS,Make ideas WORSE
Emotion Palette Agent,session-06,4,4,5,4,4,5,2,29.21,Strong Win,PASS,Suggest emotional tones
Stream of Consciousness Curator,session-06,4,4,4,3,3,5,3,14.38,Consider,PASS,Parse rambling thoughts
Creative Checkpoint,session-06,3,4,4,4,3,5,2,19.72,Solid,PASS,Periodic check-ins
Deliberate Practice Designer,session-06,3,4,4,4,3,5,3,14.96,Consider,PASS,Creative exercises
Serendipity Injector,session-06,4,4,5,4,4,5,1,38.95,Strong Win,PASS,Random what-if interrupts
Creative Debt Tracker,session-06,2,4,4,4,2,5,2,14.61,Consider,PASS,Log half-baked ideas
Muse Rotation,session-06,5,3,4,3,4,5,3,15.40,Solid,PASS,Greek muses as modes
Cross-Pollination Suggester,session-06,4,4,5,4,3,5,2,26.51,Strong Win,PASS,Techniques from Y for X
Creative Cliff Detector,session-06,3,4,4,4,3,5,3,14.96,Consider,PASS,Detect creative rut
Safety Cage Demo,session-06,5,4,5,4,5,5,2,34.00,Strong Win,PASS,Try to break constrained DSL
DSL Speedrun,session-06,4,4,5,4,5,5,2,31.91,Strong Win,PASS,30-second grammar
Grammar Golf,session-06,5,4,4,3,4,5,2,23.58,Solid,PASS,Minimize grammar size
Forbidden Word Game,session-06,4,4,5,4,5,5,2,31.91,Strong Win,PASS,DSL without dangerous verbs
Pidgin Generator,session-06,4,4,4,4,4,5,3,17.41,Solid,PASS,90% token compression
Natural to Formal Pipeline,session-06,4,4,5,4,5,5,2,31.91,Strong Win,PASS,Live translation
Grammar Linter,session-06,3,4,4,4,3,5,3,14.96,Consider,PASS,Check Tongue for ambiguity
Constraint Proof Viewer,session-06,4,4,5,4,5,5,2,31.91,Strong Win,PASS,Show structural enforcement
Tongue Diff,session-06,3,4,4,4,3,5,3,14.96,Consider,PASS,Compare grammar versions
BNF Beautifier,session-06,3,3,4,3,4,5,2,15.95,Solid,PASS,Pretty-print grammars
Grammar Playground CLI,session-06,5,4,5,4,5,5,3,25.49,Strong Win,PASS,Instant DSL REPL
Chomsky Classifier,session-06,3,4,4,4,4,5,3,15.96,Solid,PASS,Detect grammar complexity
Error Message Designer,session-06,3,4,4,4,3,5,3,14.96,Consider,PASS,Helpful parse errors
Grammar Composition,session-06,4,5,4,4,4,5,4,16.67,Solid,PASS,Merge two Tongues
Visual Grammar Editor,session-06,4,4,4,4,5,5,4,15.95,Solid,PASS,Tree viz of BNF
Grammar Test Generator,session-06,4,4,4,4,4,5,3,17.41,Solid,PASS,Auto-fuzz Tongue
Constraint Challenge,session-06,4,4,5,4,4,5,2,29.21,Strong Win,PASS,Loops impossible recursion ok
DSL from Examples,session-06,5,4,5,4,5,5,4,22.67,Solid,PASS,Infer grammar from 5 examples
Syntax Tax Calculator,session-06,3,4,4,4,4,5,2,21.18,Solid,PASS,Token cost by Chomsky level
Grammar Archaeology,session-06,4,3,4,3,4,5,4,12.08,Consider,PASS,Reverse-engineer DSL
Intent to Artifact Visualizer,session-06,5,4,5,4,5,5,3,25.49,Strong Win,PASS,Animated Forge Loop
Contract-First Wizard,session-06,4,4,5,4,4,5,2,29.21,Strong Win,PASS,Step-by-step CLI guide
ALO Viewer,session-06,4,4,5,4,5,5,2,31.91,Strong Win,PASS,Beautiful .alo.md rendering
Forge Replay,session-06,4,4,5,4,5,5,3,23.66,Solid,PASS,Show artifact history
Composition Preview,session-06,4,4,4,3,4,5,3,16.40,Solid,PASS,Could compose with 7 others
Search-Before-Forge CLI,session-06,3,4,5,4,4,5,2,27.75,Strong Win,PASS,Found 3 similar agents
Contract Diff Viewer,session-06,3,4,4,4,4,5,3,15.96,Solid,PASS,Compare contracts
Artifact Lineage Graph,session-06,4,4,5,4,5,5,3,23.66,Solid,PASS,Git-style .alo.md history
Intent Templates,session-06,3,4,5,4,3,5,2,25.05,Strong Win,PASS,Common patterns
Validation Stream,session-06,4,4,4,4,4,5,3,17.41,Solid,PASS,Real-time test feedback
Breaking Change Detector,session-06,3,4,4,4,3,5,3,14.96,Consider,PASS,Flag contract changes
Forge Success Rate,session-06,3,4,4,4,4,5,2,21.18,Solid,PASS,Dashboard of attempts
Multi-Agent Forge,session-06,4,4,4,4,4,5,4,14.51,Consider,PASS,Create pipeline in one cmd
Drift Detector,session-06,3,4,4,4,3,5,4,12.46,Consider,PASS,Monitor for API changes
Contract Library Browser,session-06,4,4,4,4,4,5,3,17.41,Solid,PASS,Search preview contracts
Forge Playground,session-06,4,4,4,4,4,5,3,17.41,Solid,PASS,Sandbox for experiments
Intent Refiner,session-06,3,4,5,4,3,5,2,25.05,Strong Win,PASS,Clarifying questions
Artifact Health Dashboard,session-06,3,4,4,4,4,5,3,15.96,Solid,PASS,Test pass rates
Quick Forge Mode,session-06,4,4,5,4,3,5,2,26.51,Strong Win,PASS,Skip validation for prototyping
Forge Templates Gallery,session-06,4,4,5,4,4,5,2,29.21,Strong Win,PASS,Curated examples
kg create,session-06,4,4,5,4,4,5,2,29.21,Strong Win,PASS,Interactive creation wizard
kg oblique,session-06,5,4,5,4,5,5,1,45.33,Crown Jewel,PASS,Oblique Strategy prompt
kg payada,session-06,5,4,5,4,5,5,2,34.00,Strong Win,PASS,Payada battle
kg brainstorm,session-06,4,4,5,4,4,5,2,29.21,Strong Win,PASS,Quick creativity session
kg grammar try,session-06,5,4,5,4,5,5,2,34.00,Strong Win,PASS,Instant DSL generation
kg forge,session-06,4,4,5,4,4,5,2,29.21,Strong Win,PASS,Start forge workflow
kg blend,session-06,5,4,5,4,5,5,2,34.00,Strong Win,PASS,Fauconnier blending
kg constrain,session-06,4,4,5,4,4,5,1,38.95,Strong Win,PASS,Generate constraints
kg yes-and,session-06,4,4,5,4,4,5,1,38.95,Strong Win,PASS,Improv-style expansion
kg safety-cage,session-06,5,4,5,4,5,5,2,34.00,Strong Win,PASS,Break-the-DSL demo
kg artifact show,session-06,4,4,5,4,5,5,2,31.91,Strong Win,PASS,ALO viewer in terminal
kg artifact lineage,session-06,3,4,5,4,4,5,2,27.75,Strong Win,PASS,Git-style artifact history
kg contract compare,session-06,3,4,5,4,4,5,2,27.75,Strong Win,PASS,Diff contracts
kg warm-up,session-06,4,4,5,4,3,5,1,34.34,Strong Win,PASS,Daily exercises
kg surprise-me,session-06,5,3,5,3,4,5,1,34.67,Strong Win,PASS,Random entropy prompt
kg muse,session-06,4,4,5,4,4,5,2,29.21,Strong Win,PASS,Invoke Greek muse
kg workshop,session-06,5,4,5,4,4,5,3,23.66,Solid,PASS,Full creative session
kg grammar check,session-06,3,4,5,4,3,5,2,25.05,Strong Win,PASS,Lint Tongue
kg forge replay,session-06,4,4,5,4,5,5,2,31.91,Strong Win,PASS,Show creation history
kg playground,session-06,5,4,5,4,4,5,3,23.66,Solid,PASS,Interactive REPL for creation
CreativityCoach + WundtCurator,session-06,4,5,5,4,4,5,2,32.33,Strong Win,PASS,Auto-filter brainstorm
G-gent + F-gent Handshake,session-06,5,5,5,4,5,5,4,24.19,Solid,PASS,Forged artifacts include DSL
PAYADOR + Skeleton,session-06,5,4,4,3,4,5,4,14.57,Consider,PASS,Bidirectional improv
Oblique + Pataphysics,session-06,5,4,5,4,5,5,2,34.00,Strong Win,PASS,Lateral + imaginary solutions
Blending + Forge,session-06,4,4,5,4,4,5,3,20.43,Solid,PASS,Synthesize hybrid agents
Grammar + Safety Cage,session-06,5,5,5,4,5,5,3,28.39,Strong Win,PASS,Un-breakable DSL demo
CreativityCoach + K-gent,session-06,4,4,5,4,4,5,3,20.43,Solid,PASS,Personalized creativity
Forge + L-gent Search,session-06,4,4,5,4,4,5,3,20.43,Solid,PASS,Search reuse register
ALO + Terrarium,session-06,4,4,5,4,5,5,4,18.85,Solid,PASS,Live artifact monitoring
Grammar + Flux,session-06,3,4,4,4,3,5,4,12.46,Consider,PASS,Stream-process DSL commands
# Session 08: Omega Infrastructure
kg feel,session-08,5,4,5,4,5,5,2,34.00,Strong Win,PASS,How does my body feel
Morphology REPL,session-08,5,4,5,4,5,5,2,34.00,Strong Win,PASS,Interactive morpheme composer
kg body sense,session-08,5,4,5,4,5,5,2,34.00,Strong Win,PASS,One-line proprioception
Chrysalis Watcher TUI,session-08,5,4,5,4,5,5,3,25.49,Strong Win,PASS,Watch metamorphosis live
Morpheme Catalog,session-08,4,4,5,4,5,5,2,31.91,Strong Win,PASS,Browse composable infra
kg morph,session-08,4,4,5,4,5,5,2,31.91,Strong Win,PASS,Apply morpheme to agent
Body Stress Alerts,session-08,4,4,5,4,5,5,3,23.66,Solid,PASS,Agent is OOMing
Topology Graph TUI,session-08,5,4,5,4,5,5,4,22.67,Solid,PASS,ASCII agent population tree
Morphology Cost Preview,session-08,4,4,5,4,4,5,2,29.21,Strong Win,PASS,This will cost 1200 tokens
Branch Visualizer,session-08,5,4,5,4,5,5,4,22.67,Solid,PASS,Watch population fork
Body Emoji Status,session-08,5,3,4,3,5,5,2,23.58,Solid,PASS,Emoji mood rings
Morpheme Validator,session-08,4,4,5,4,4,5,3,20.43,Solid,PASS,Check before manifest
Chrysalis Log,session-08,4,4,5,4,4,5,4,17.03,Solid,PASS,Transformation narrative
Y-gent Merge Strategies,session-08,4,4,5,4,5,5,5,15.28,Solid,PASS,WINNER/ENSEMBLE/CONSENSUS
Body Diff,session-08,4,4,4,4,4,5,3,17.41,Solid,PASS,What changed in morphology
Topology Timeline,session-08,4,4,5,4,4,5,5,13.61,Consider,PASS,Agent lineage viz
Morphology Templates,session-08,3,4,4,4,4,5,2,21.18,Solid,PASS,Give me GPU agent
Proprioception History,session-08,4,4,4,4,4,5,4,14.51,Consider,PASS,Body metrics over time
Branch Budget Forecast,session-08,4,4,4,4,4,5,5,12.10,Consider,PASS,Can I afford 10 variants
Body Simulator,session-08,5,4,4,3,4,5,7,8.39,Consider,PASS,What if I add 5 replicas
kg body --live,session-08,4,4,5,4,4,5,3,20.43,Solid,PASS,Live-updating proprioception
kg topology dot,session-08,4,4,4,4,5,5,4,15.95,Solid,PASS,Export as Graphviz
kg morph --dry-run,session-08,3,4,5,4,3,5,2,25.05,Strong Win,PASS,Preview morph
kg body export,session-08,3,4,4,4,3,5,3,14.96,Consider,PASS,Export as JSON/CSV
kg chrysalis abort,session-08,3,4,4,4,3,5,3,14.96,Consider,PASS,Emergency stop
kg body compare,session-08,3,4,4,4,3,5,4,12.46,Consider,PASS,Compare two bodies
Omega + B Cost Enforcement,session-08,3,4,4,4,3,5,4,12.46,Consider,PASS,B-gent blocks over-budget
Omega + N Chronicle,session-08,3,4,4,4,3,5,3,14.96,Consider,PASS,N-gent logs morphology
Y + V Termination,session-08,4,4,4,4,4,5,5,12.10,Consider,PASS,V-gent validates merge
Psi to Omega Suggestions,session-08,4,4,4,3,4,5,6,10.24,Consider,PASS,Metaphors suggest morphemes
O-gent Body Observer,session-08,3,4,4,4,3,5,4,12.46,Consider,PASS,Body dimension for O-gent
Morpheme DSL,session-08,4,4,4,3,4,5,6,10.24,Consider,PASS,Natural language to morphology
Morphology Diff,session-08,3,4,4,4,3,5,3,14.96,Consider,PASS,Compare two morphologies
Morpheme Recommender,session-08,4,4,4,3,4,5,5,11.10,Consider,PASS,You might want X
Visual Morphology Builder,session-08,5,4,4,3,4,5,8,7.68,Reconsider,PASS,Drag-drop GUI
Morpheme Combos,session-08,4,4,4,3,4,5,4,13.66,Consider,PASS,Macros for common patterns
Pain Localization,session-08,4,4,4,3,4,5,5,11.10,Consider,PASS,Which replica struggles
Body Heatmap,session-08,4,4,5,4,5,5,6,12.76,Consider,PASS,Viz across all agents
Trauma Replay,session-08,4,3,4,3,4,5,4,12.08,Consider,PASS,What happened before OOMKill
Custom Morphemes,session-08,4,4,4,4,4,5,6,10.93,Consider,PASS,User-defined blocks
Morpheme Chaining,session-08,3,4,4,3,3,5,4,11.13,Consider,PASS,Auto-suggests next
Morpheme Conflicts,session-08,3,4,4,4,3,5,3,14.96,Consider,PASS,Detect incompatible
Morpheme Marketplace,session-08,5,4,4,3,4,5,9,7.14,Reconsider,PASS,Community morphemes
Morpheme Versioning,session-08,3,4,4,3,3,5,5,9.52,Consider,PASS,Track API changes
Topology Metrics,session-08,3,4,4,4,3,5,4,12.46,Consider,PASS,Branch depth merge rate
Prune Strategies,session-08,4,4,4,3,4,5,5,11.10,Consider,PASS,Keep top-k variants
Topology Replay,session-08,4,4,4,3,4,5,6,10.24,Consider,PASS,Rerun branch from history
Convergence Detector,session-08,4,4,4,4,4,5,5,12.10,Consider,PASS,All variants same result
Divergence Alerts,session-08,3,4,4,3,3,5,4,11.13,Consider,PASS,Variants diverging
Chrysalis Failure Recovery,session-08,4,4,5,4,4,5,6,12.07,Consider,PASS,Rollback on failed morph
Dream Log Analyzer,session-08,4,3,4,3,4,5,5,9.87,Consider,PASS,Parse dreams for insight
Chrysalis Cost Optimizer,session-08,3,4,4,3,3,5,6,8.88,Consider,PASS,Minimize morphology cost
Parallel Chrysalis,session-08,4,4,4,3,4,5,7,9.02,Consider,PASS,Morph multiple simultaneously
Body Health Score,session-08,3,4,4,4,3,5,3,14.96,Consider,PASS,Single 0-100 metric
# Session 09: D-gents State
Symbiont Playground,session-09,5,5,5,4,5,5,2,38.27,Strong Win,PASS,Pure logic + memory separation
State Before/After,session-09,4,4,5,4,5,5,2,31.91,Strong Win,PASS,Show state changes
Memory Layers,session-09,5,4,5,4,5,5,3,25.49,Strong Win,PASS,All memory modes at once
Where's My State,session-09,3,4,5,4,4,5,1,35.39,Strong Win,PASS,Inspect any D-gent state
State Timeline,session-09,5,4,5,4,5,5,2,34.00,Strong Win,PASS,Scrub through states
Symbiont Composer,session-09,5,4,4,3,5,5,3,18.26,Solid,PASS,Drag-drop onto memory
Live State Sync,session-09,4,4,4,3,5,5,2,21.95,Solid,PASS,Two terminals same state
State Pulse,session-09,4,3,5,3,5,5,1,29.67,Strong Win,PASS,Heartbeat when writes
Am I Volatile,session-09,3,4,5,4,4,5,1,35.39,Strong Win,PASS,Which D-gents survive
Memory Type Detective,session-09,3,4,4,4,4,5,1,27.48,Strong Win,PASS,Reveal D-gent impl
Lens Playground,session-09,5,5,5,4,5,5,2,38.27,Strong Win,PASS,Interactive lens composition
Lens Law Validator,session-09,4,5,4,4,4,5,2,27.09,Strong Win,PASS,Visualize law violations
Prism Explorer,session-09,4,4,5,4,5,5,2,31.91,Strong Win,PASS,Optional fields exist/don't
Traversal Painter,session-09,5,4,5,4,5,5,2,34.00,Strong Win,PASS,Modify all matching elements
Lens Debugger,session-09,4,4,4,4,4,5,2,22.64,Solid,PASS,Step through get/set
Focus Path,session-09,4,4,5,4,4,5,1,38.95,Strong Win,PASS,Drill into nested state
Multi-Lens View,session-09,5,4,5,4,5,5,2,34.00,Strong Win,PASS,Split screen lenses
Lens Telescope,session-09,5,4,5,4,5,5,2,34.00,Strong Win,PASS,Compose lenses interactively
What Can I Focus,session-09,4,4,4,4,4,5,2,22.64,Solid,PASS,Discover lensable paths
Lens Performance,session-09,3,4,4,3,3,5,2,17.82,Solid,PASS,Benchmark composed lenses
Crystal Gallery,session-09,5,4,5,4,5,5,2,34.00,Strong Win,PASS,Browse saved crystals
Crystallize Now,session-09,4,4,5,4,4,5,1,38.95,Strong Win,PASS,Instant checkpoint
Resume Explorer,session-09,5,4,5,4,5,5,2,34.00,Strong Win,PASS,Pick from saved crystals
Crystal Lineage Tree,session-09,5,4,5,4,5,5,2,34.00,Strong Win,PASS,Visualize branches
Cherish Mode,session-09,5,3,5,3,5,5,1,36.67,Strong Win,PASS,Prevent reaping
Crystal Reaper Dashboard,session-09,4,4,5,4,5,5,2,31.91,Strong Win,PASS,TTL countdown
Time Travel Debug,session-09,5,4,5,4,5,5,3,25.49,Strong Win,PASS,Load crystal step forward
Compression Showdown,session-09,4,3,4,3,4,5,2,18.79,Solid,PASS,Compare gzip lz4 zstd
Crystal Diff,session-09,4,4,5,4,5,5,2,31.91,Strong Win,PASS,State delta
Auto-Crystallize,session-09,4,4,4,4,4,5,2,22.64,Solid,PASS,Trigger on transitions
Registry TUI,session-09,5,4,5,4,5,5,2,34.00,Strong Win,PASS,Textual browser
What Exists,session-09,3,4,5,4,4,5,1,35.39,Strong Win,PASS,All registered entities
Semantic Search,session-09,5,4,5,4,5,5,2,34.00,Strong Win,PASS,Fuzzy matching search
Type Compatibility,session-09,4,5,4,4,4,5,2,27.09,Strong Win,PASS,Can compose agent1 agent2
Registry Stats,session-09,3,3,4,3,4,5,2,15.95,Solid,PASS,Pie chart of types
Freshness Heatmap,session-09,4,4,5,4,5,5,2,31.91,Strong Win,PASS,Color by last_used
Deprecation Warnings,session-09,4,4,4,4,4,5,2,22.64,Solid,PASS,Suggest replacements
Auto-Register on Invoke,session-09,4,4,4,4,4,5,2,22.64,Solid,PASS,Self-register
Usage Analytics,session-09,3,3,4,3,3,5,2,14.62,Consider,PASS,Track invocations
Registry Diff,session-09,4,3,4,3,4,5,2,18.79,Solid,PASS,Compare snapshots
Lineage Tree,session-09,5,4,5,4,5,5,2,34.00,Strong Win,PASS,ASCII successor/fork
Blame Tracker,session-09,5,4,5,4,5,5,2,34.00,Strong Win,PASS,Full provenance
Impact Analysis,session-09,5,4,5,4,5,5,2,34.00,Strong Win,PASS,Deprecating X breaks Y
Ancestor Breadcrumbs,session-09,4,4,5,4,4,5,1,38.95,Strong Win,PASS,Evolution path
Fork Detector,session-09,5,4,5,4,5,5,2,34.00,Strong Win,PASS,Diverged from ancestor
Dependency Walker,session-09,4,4,4,4,4,5,2,22.64,Solid,PASS,Walk depends_on graph
Lineage Export,session-09,4,4,5,4,5,5,2,31.91,Strong Win,PASS,DOT for Graphviz
Relationship Heatmap,session-09,3,3,4,3,4,5,2,15.95,Solid,PASS,Which types most common
Contradict Detector L,session-09,4,4,4,4,4,5,2,22.64,Solid,PASS,Cycles or impossible
Lineage Time Machine,session-09,5,4,5,4,5,5,3,25.49,Strong Win,PASS,Scrub to see registry
Garden Growth,session-09,5,3,4,3,5,5,3,15.40,Solid,PASS,Watch lifecycle
Compost Pile,session-09,5,2,4,2,5,5,2,17.80,Solid,PASS,Deprecated as mulch
Trust Thermometer,session-09,4,3,5,3,5,5,1,29.67,Strong Win,PASS,Visual trust indicator
Evidence Counter,session-09,4,4,5,4,5,5,2,31.91,Strong Win,PASS,Supporting vs contradicting
Memory Mycelium,session-09,5,4,5,4,5,5,3,25.49,Strong Win,PASS,Network of connections
# Session 11: I-gents Visualization
Entropy Playground,session-11,5,3,5,3,5,5,1,36.67,Strong Win,PASS,Slider distorts text
Glitch Button,session-11,5,2,4,2,5,5,1,24.67,Solid,PASS,Press for chaos
Density ASCII Art,session-11,5,3,4,2,5,5,1,26.67,Strong Win,PASS,Type text see density
Breath Sync,session-11,5,2,4,2,5,5,1,24.67,Solid,PASS,All agents pulse unison
LOD Slider,session-11,4,4,5,4,5,5,1,42.56,Crown Jewel,PASS,Smooth zoom ORBIT to INTERNAL
Phase Transition,session-11,5,2,4,2,5,5,1,24.67,Solid,PASS,Watch agent materialize
Sparkline Generator,session-11,4,4,5,4,5,5,1,42.56,Crown Jewel,PASS,Paste numbers get sparkline
What's My Entropy,session-11,3,4,5,4,4,5,1,35.39,Strong Win,PASS,One-liner entropy report
Oblique Flash,session-11,5,3,5,3,5,5,1,36.67,Strong Win,PASS,High entropy triggers Oblique
Agent Weather Report,session-11,4,4,5,4,5,5,1,42.56,Crown Jewel,PASS,K-gent Active slight glitch
Cognitive Tree Animator,session-11,5,4,5,4,5,5,2,34.00,Strong Win,PASS,Watch branches grow
Shadow Gallery,session-11,5,4,5,4,5,5,2,34.00,Strong Win,PASS,All rejected paths
Agent Constellation,session-11,5,3,4,2,5,5,2,21.00,Solid,PASS,GraphLayout as star field
Density Mandala,session-11,5,2,4,1,5,5,2,17.80,Solid,PASS,Circular density fields
Temperature Lab,session-11,5,4,5,4,5,5,2,34.00,Strong Win,PASS,Interconnected sliders
Timeline Scrubber,session-11,5,4,5,4,5,5,2,34.00,Strong Win,PASS,Drag through history
Entropy Heatmap,session-11,4,4,5,4,5,5,2,31.91,Strong Win,PASS,Grid showing hotspots
Triad Symphony,session-11,5,3,4,2,5,5,2,21.00,Solid,PASS,XYZ as audio waveforms
Event Stream Waterfall,session-11,4,4,4,3,5,5,2,21.95,Solid,PASS,Events cascading
FluxScreen Replay,session-11,4,4,5,4,5,5,2,31.91,Strong Win,PASS,Record and playback
Glitch Poetry,session-11,5,2,4,2,5,5,2,17.80,Solid,PASS,Corrupted text as art
Density Field Editor,session-11,5,3,4,3,5,5,3,15.40,Solid,PASS,Paint agents with brush
Loom Navigator,session-11,5,4,5,4,5,5,2,34.00,Strong Win,PASS,Keyboard-driven tree
Why Did You Choose,session-11,5,4,4,3,4,5,2,23.58,Solid,PASS,Click branch see reasoning
Agent Garden,session-11,5,4,4,3,5,5,3,18.26,Solid,PASS,Drag watch connections
Stigmergic Trails,session-11,5,4,4,3,5,5,3,18.26,Solid,PASS,Visualize pheromone paths
Hint Inspector,session-11,4,4,4,3,4,5,2,20.49,Solid,PASS,See all hints
LOD Comparison,session-11,4,4,5,4,5,5,2,31.91,Strong Win,PASS,Split screen 3 levels
Entropy Race,session-11,5,3,4,2,5,5,2,21.00,Solid,PASS,Who glitches first
Breath Meditation,session-11,5,3,4,3,5,5,2,23.58,Solid,PASS,Full-screen breathing
kg viz,session-11,4,4,5,4,5,5,1,42.56,Crown Jewel,PASS,Launch FluxScreen demo
kg density,session-11,5,3,5,3,5,5,1,36.67,Strong Win,PASS,Text as density field
kg sparkline,session-11,4,4,5,4,5,5,1,42.56,Crown Jewel,PASS,Generate sparkline
kg entropy,session-11,3,4,5,4,4,5,1,35.39,Strong Win,PASS,System entropy
kg glitch,session-11,5,3,5,2,5,5,1,32.67,Strong Win,PASS,Corrupt with Zalgo
kg weather,session-11,4,4,5,4,5,5,1,42.56,Crown Jewel,PASS,Agent activity summary
kg loom,session-11,4,4,5,4,4,5,1,38.95,Strong Win,PASS,Show cognitive tree
kg shadow viz,session-11,5,3,5,3,4,5,1,32.67,Strong Win,PASS,Rejected paths
kg hint,session-11,3,4,4,4,4,5,1,27.48,Strong Win,PASS,Agent hints
kg breathe,session-11,5,2,4,2,5,5,1,24.67,Solid,PASS,Breathing animation
Wire Tap Overlay,session-11,4,4,5,4,5,5,2,31.91,Strong Win,PASS,See all messages
Pheromone Trails,session-11,5,4,5,4,5,5,2,34.00,Strong Win,PASS,Stigmergic heatmap
Connection Animator,session-11,5,4,5,4,5,5,2,34.00,Strong Win,PASS,Watch flows
Broadcast Radar,session-11,4,4,5,4,5,5,2,31.91,Strong Win,PASS,Pulse when broadcasts
Error Flash,session-11,5,4,5,4,5,5,1,45.33,Crown Jewel,PASS,Screen glitches on errors
Throughput Gauge,session-11,4,4,5,4,5,5,2,31.91,Strong Win,PASS,Real-time message rate
Dead Letter Queue,session-11,4,4,4,4,4,5,2,22.64,Solid,PASS,Visualize failed messages
Circuit Breaker Status,session-11,3,4,4,4,4,5,2,21.18,Solid,PASS,Open/closed/half-open
Synapse Visualizer,session-11,5,4,5,4,5,5,3,25.49,Strong Win,PASS,Neural-style flow
Flux Pipeline Diagram,session-11,5,4,5,4,5,5,3,25.49,Strong Win,PASS,Live pipeline viz
Agent Aurora,session-11,5,2,4,1,5,5,2,17.80,Solid,PASS,Density as northern lights
Entropy Ocean,session-11,5,2,4,1,5,5,2,17.80,Solid,PASS,Waves of uncertainty
Cognitive Terrarium,session-11,5,4,4,3,5,5,3,18.26,Solid,PASS,Watch agents evolve
Time Crystal,session-11,5,3,4,2,5,5,3,15.18,Solid,PASS,Crystallize as geometry
Void Meditation,session-11,5,2,4,1,5,5,1,24.67,Solid,PASS,Stare into glitch
Agent Haiku,session-11,5,3,4,2,5,5,2,21.00,Solid,PASS,Poetry from state
Density Rain,session-11,5,2,4,1,5,5,2,17.80,Solid,PASS,Matrix falling chars
Shadow Speaks,session-11,5,3,4,3,4,5,2,21.56,Solid,PASS,Rejected paths narrate
Glitch Screensaver,session-11,5,2,4,1,5,5,2,17.80,Solid,PASS,Entropy as ambient art
Breath Garden,session-11,5,3,4,2,5,5,2,21.00,Solid,PASS,Agents breathe at rates
# Session 12: Tools Parsing JIT
kgents parse,session-12,5,5,5,5,5,5,1,53.73,Crown Jewel,PASS,Confidence-interval parsing
kgents reality,session-12,5,5,5,5,5,5,1,53.73,Crown Jewel,PASS,Reality classification
JIT Type Forge,session-12,5,5,5,5,5,5,2,41.17,Crown Jewel,PASS,Types on first use
Tool Confidence Inspector,session-12,4,4,5,4,5,5,1,42.56,Crown Jewel,PASS,Show parsing confidence
Parse History,session-12,4,4,5,4,5,5,2,31.91,Strong Win,PASS,Track parsing over time
Fuzzy Coercion Demo,session-12,5,4,5,4,5,5,2,34.00,Strong Win,PASS,Watch values coerce
Reality Probe,session-12,5,4,5,4,5,5,2,34.00,Strong Win,PASS,Test reality classification
Type Inference Dashboard,session-12,4,4,5,4,5,5,2,31.91,Strong Win,PASS,Live type inference
Parse Diff,session-12,4,4,5,4,5,5,2,31.91,Strong Win,PASS,Compare parsing approaches
Tool Registry Browser,session-12,4,4,5,4,5,5,2,31.91,Strong Win,PASS,Browse all tools
Reality Taxonomy,session-12,4,4,5,4,5,5,2,31.91,Strong Win,PASS,Classification tree
Confidence Calibration,session-12,4,4,5,4,5,5,2,31.91,Strong Win,PASS,Calibrate parsing
JIT Compilation Viewer,session-12,5,4,5,4,5,5,3,25.49,Strong Win,PASS,Watch types compile
Parse Playground,session-12,5,4,5,4,5,5,2,34.00,Strong Win,PASS,Interactive parsing
Reality Challenge,session-12,5,4,5,4,5,5,2,34.00,Strong Win,PASS,Edge case testing
Tool Composition Checker,session-12,4,5,5,4,5,5,2,35.36,Strong Win,PASS,Can tools compose
Parse Failure Analysis,session-12,4,4,5,4,5,5,2,31.91,Strong Win,PASS,Why parsing failed
Reality Drift Detector,session-12,5,4,5,4,5,5,2,34.00,Strong Win,PASS,Classification changing
# Session 13: O-gents Observation
kgents observe,session-13,5,4,5,4,5,5,1,45.33,Crown Jewel,PASS,Launch O-gent observer
kgents panopticon,session-13,5,4,5,4,5,5,1,45.33,Crown Jewel,PASS,Full system observation
kgents drift,session-13,5,4,5,4,5,5,1,45.33,Crown Jewel,PASS,Detect semantic drift
kgents roc,session-13,4,4,5,4,5,5,1,42.56,Crown Jewel,PASS,ROC curve for classification
Borromean Knot Visualizer,session-13,5,4,5,4,5,5,2,34.00,Strong Win,PASS,XYZ knotted together
VoI Budget Viz,session-13,4,4,5,4,5,5,2,31.91,Strong Win,PASS,Value of Information
Observation Timeline,session-13,4,4,5,4,5,5,2,31.91,Strong Win,PASS,Observations over time
Semantic Manifold Map,session-13,5,4,5,4,5,5,3,25.49,Strong Win,PASS,Curved semantic space
Observer Effect Demo,session-13,5,4,5,4,5,5,2,34.00,Strong Win,PASS,Observation changes system
Drift Alert System,session-13,4,4,5,4,5,5,2,31.91,Strong Win,PASS,Alert on drift
Triadic Health Dashboard,session-13,4,4,5,4,5,5,2,31.91,Strong Win,PASS,XYZ all at once
Observation History,session-13,4,4,5,4,5,5,2,31.91,Strong Win,PASS,Full observation log
ROC Interactive,session-13,5,4,5,4,5,5,2,34.00,Strong Win,PASS,Interactive ROC curves
Calibration Checker,session-13,4,4,5,4,5,5,2,31.91,Strong Win,PASS,Is observer calibrated
# Session 14: Cross-Pollination
Would Kent Approve,session-14,5,5,5,5,5,5,1,53.73,Crown Jewel,PASS,K-gent judges using principles
N Parses in Superposition,session-14,5,5,5,5,5,5,2,41.17,Crown Jewel,PASS,Multiple parses until collapse
Living Garden Viz,session-14,5,5,5,5,5,5,2,41.17,Crown Jewel,PASS,D-gent garden in I-gent
Soul Tension Detector,session-14,5,5,5,5,5,5,2,41.17,Crown Jewel,PASS,K + H find soul tensions
Circuit Breaker Dashboard,session-14,5,5,5,5,5,5,2,41.17,Crown Jewel,PASS,Flux + I visualization
Time-Travel Form Replay,session-14,5,5,5,5,5,5,2,41.17,Crown Jewel,PASS,D + I + N replay forms
Dialectic Density,session-14,5,4,5,4,5,5,2,34.00,Strong Win,PASS,H tensions as I-gent density
Witness Weather,session-14,5,4,5,4,5,5,2,34.00,Strong Win,PASS,N-gent traces as weather
Tool Compose Preview,session-14,4,5,5,4,5,5,2,35.36,Strong Win,PASS,U + L composition preview
Dialectic Parse,session-14,5,4,5,4,5,5,2,34.00,Strong Win,PASS,P + H conflicting parses
Archetypes in Viz,session-14,5,4,5,4,5,5,2,34.00,Strong Win,PASS,Archetype as visual modes
Shadow Observation,session-14,5,4,5,4,5,5,2,34.00,Strong Win,PASS,O + H blind spot detection
Reality-Grounded Parses,session-14,5,5,5,5,5,5,2,41.17,Crown Jewel,PASS,J + P reality checks
Test Dialectic Viz,session-14,4,5,5,4,5,5,2,35.36,Strong Win,PASS,T + H + I test tensions
Narrative Drift Detection,session-14,5,4,5,4,5,5,2,34.00,Strong Win,PASS,N + O story drift
Creativity Viz,session-14,5,4,5,4,5,5,2,34.00,Strong Win,PASS,A + I brainstorm visual
Grammar Tension,session-14,5,5,5,5,5,5,2,41.17,Crown Jewel,PASS,G + H grammar conflicts
Forge Observer,session-14,4,4,5,4,5,5,2,31.91,Strong Win,PASS,F + O watch forge process
Memory Weather,session-14,5,4,5,4,5,5,2,34.00,Strong Win,PASS,D + I memory as weather
Lineage Tension,session-14,5,5,5,4,5,5,2,38.27,Strong Win,PASS,L + H lineage conflicts
Triad Proprioception Viz,session-14,5,5,5,5,5,5,3,32.86,Strong Win,PASS,Omega + O + I body viz
Topology Witness,session-14,5,5,5,5,5,5,2,41.17,Crown Jewel,PASS,Y + N + I population story
Evolution Dialectic,session-14,5,5,5,5,5,5,3,32.86,Strong Win,PASS,E + H mutation tensions
Flux Parse Stream,session-14,5,5,5,5,5,5,2,41.17,Crown Jewel,PASS,Flux + P streaming parse
Full Stack Demo,session-14,5,5,5,5,5,5,4,27.39,Strong Win,PASS,All agents in one demo
Test Lineage Tension,session-14,4,5,5,4,5,5,2,35.36,Strong Win,PASS,T + L + H test evolution
Narrative Parse,session-14,5,4,5,4,5,5,2,34.00,Strong Win,PASS,N + P story parsing
Registry Dialectic,session-14,5,5,5,5,5,5,2,41.17,Crown Jewel,PASS,L + H catalog tensions
Witness Proprioception,session-14,5,5,5,5,5,5,2,41.17,Crown Jewel,PASS,N + Omega body narrative
Forge Creativity,session-14,5,4,5,4,5,5,3,25.49,Strong Win,PASS,F + A creative forging
Type Lineage Viz,session-14,5,5,5,5,5,5,2,41.17,Crown Jewel,PASS,P + L + I type evolution
Evolution Observer,session-14,5,5,5,4,5,5,2,38.27,Strong Win,PASS,E + O watch evolution
Creativity Witness,session-14,5,4,5,4,5,5,2,34.00,Strong Win,PASS,A + N brainstorm story
Reality Parse Viz,session-14,5,5,5,5,5,5,2,41.17,Crown Jewel,PASS,J + P + I reality parsing
Bootstrap Viz,session-14,5,5,5,5,5,5,2,41.17,Crown Jewel,PASS,Bootstrap laws visualized
Memory Lineage,session-14,5,5,5,4,5,5,2,38.27,Strong Win,PASS,D + L memory evolution
Topology Observer,session-14,5,5,5,5,5,5,2,41.17,Crown Jewel,PASS,Y + O population observer
Grammar Observer,session-14,5,5,5,4,5,5,2,38.27,Strong Win,PASS,G + O grammar monitoring
Forge Type Lineage,session-14,5,5,5,5,5,5,3,32.86,Strong Win,PASS,F + P + L artifact types
Test Evolution Viz,session-14,5,5,5,5,5,5,3,32.86,Strong Win,PASS,T + E + I test evolution
Creativity Parse,session-14,5,4,5,4,5,5,2,34.00,Strong Win,PASS,A + P creative parsing
Narrative Lineage,session-14,5,5,5,4,5,5,2,38.27,Strong Win,PASS,N + L story evolution
Type Dialectic,session-14,5,5,5,5,5,5,2,41.17,Crown Jewel,PASS,P + H type conflicts
Bootstrap Dialectic,session-14,5,5,5,5,5,5,2,41.17,Crown Jewel,PASS,Bootstrap tensions
Memory Observer,session-14,5,5,5,4,5,5,2,38.27,Strong Win,PASS,D + O memory watching
Forge Witness,session-14,5,4,5,4,5,5,2,34.00,Strong Win,PASS,F + N forge story
Creativity Tension,session-14,5,4,5,4,5,5,2,34.00,Strong Win,PASS,A + H creative tensions
Type Observer,session-14,5,5,5,5,5,5,2,41.17,Crown Jewel,PASS,P + O type monitoring
Grammar Viz,session-14,5,5,5,4,5,5,2,38.27,Strong Win,PASS,G + I grammar visualized
Topology Parse,session-14,5,5,5,5,5,5,2,41.17,Crown Jewel,PASS,Y + P population parsing
Evolution Viz,session-14,5,5,5,5,5,5,2,41.17,Crown Jewel,PASS,E + I evolution visualized
Registry Viz,session-14,5,5,5,4,5,5,2,38.27,Strong Win,PASS,L + I registry visualized
Test Narrative,session-14,4,4,5,4,5,5,2,31.91,Strong Win,PASS,T + N test stories
Grammar Parse,session-14,5,5,5,5,5,5,2,41.17,Crown Jewel,PASS,G + P grammar parsing
Forge Tension,session-14,5,4,5,4,5,5,2,34.00,Strong Win,PASS,F + H forge conflicts
Narrative Viz,session-14,5,4,5,4,5,5,2,34.00,Strong Win,PASS,N + I narrative visual
Topology Viz,session-14,5,5,5,5,5,5,2,41.17,Crown Jewel,PASS,Y + I topology visual
Bootstrap Observer,session-14,5,5,5,5,5,5,2,41.17,Crown Jewel,PASS,Bootstrap monitoring
# Session 15: 60-Second Tour
Philosopher Tour,session-15,5,4,5,4,5,5,2,34.00,Strong Win,PASS,Category theory emphasis
Developer Tour,session-15,5,4,5,4,5,5,2,34.00,Strong Win,PASS,Practical CLI focus
Skeptic Tour,session-15,5,4,5,4,5,5,2,34.00,Strong Win,PASS,What problems does this solve
Visual Tour,session-15,5,4,5,4,5,5,2,34.00,Strong Win,PASS,I-gent showcase
What If Tour,session-15,5,4,5,4,5,5,2,34.00,Strong Win,PASS,Uncertainty emphasis
Soul Tour,session-15,5,4,5,4,5,5,2,34.00,Strong Win,PASS,K-gent persona demo
One-Liner Tour,session-15,5,4,5,4,5,5,1,45.33,Crown Jewel,PASS,Every agent in one line
Bootstrap Regeneration,session-15,5,5,5,5,5,5,2,41.17,Crown Jewel,PASS,Delete and regen from spec
K-gent Shadow Detection,session-15,5,5,5,5,5,5,2,41.17,Crown Jewel,PASS,K finds own shadow
Parse with Confidence,session-15,5,5,5,5,5,5,2,41.17,Crown Jewel,PASS,Parsing with confidence bars
Dialectical Debugger,session-15,5,5,5,5,5,5,3,32.86,Strong Win,PASS,Debug via dialectic
Stigmergic Field,session-15,5,5,5,5,5,5,2,41.17,Crown Jewel,PASS,Pheromone trails demo
Portfolio: kgents whatif,session-15,5,5,5,5,5,5,1,53.73,Crown Jewel,PASS,Instant alternatives
Portfolio: kgents compose,session-15,5,5,5,5,5,5,1,53.73,Crown Jewel,PASS,Shell composition
Portfolio: kg viz,session-15,5,5,5,5,5,5,1,53.73,Crown Jewel,PASS,FluxScreen demo
Portfolio: kg shadow,session-15,5,5,5,5,5,5,1,53.73,Crown Jewel,PASS,Shadow analysis
Portfolio: kg parse,session-15,5,5,5,5,5,5,1,53.73,Crown Jewel,PASS,Confidence parsing
Portfolio: kg oblique,session-15,5,5,5,5,5,5,1,53.73,Crown Jewel,PASS,Oblique strategies
